"","pct","xcoord","ycoord","pforce"
"1",40,1008008,230875,1
"2",40,1007586,232186,5
"3",40,1008203,232304,0
"4",40,1006325,232446,1
"5",40,1005737,232459,1
"6",40,1008394,232514,0
"7",40,1007783,232525,0
"8",40,1006782,232638,0
"9",40,1007517,232668,0
"10",40,1006797,232678,0
"11",41,1017136,232714,0
"12",40,1007409,232728,2
"13",40,1007921,232776,1
"14",40,1007300,232787,6
"15",40,1006227,232807,1
"16",40,1007213,232835,0
"17",40,1007224,232836,0
"18",40,1006305,232943,0
"19",40,1006961,232977,0
"20",40,1008596,233020,0
"21",40,1004696,233032,0
"22",40,1008448,233098,1
"23",40,1006747,233101,0
"24",40,1006696,233124,2
"25",40,1006627,233163,5
"26",40,1008091,233195,1
"27",40,1007095,233235,0
"28",40,1006953,233310,0
"29",40,1006858,233363,1
"30",40,1005681,233397,0
"31",40,1005262,233470,0
"32",40,1005518,233495,1
"33",40,1006611,233503,4
"34",40,1006487,233568,0
"35",40,1008062,233610,0
"36",40,1003125,233611,1
"37",40,1006832,233697,1
"38",40,1007341,233713,0
"39",40,1004591,233721,0
"40",40,1009763,233742,0
"41",40,1003890,233799,1
"42",40,1005462,233820,0
"43",41,1014779,233849,1
"44",40,1004347,233864,0
"45",40,1004670,233870,1
"46",40,1004677,233884,1
"47",40,1005893,233898,0
"48",41,1015937,233906,0
"49",40,1005842,233927,0
"50",40,1008391,233929,1
"51",40,1005803,233948,1
"52",41,1015553,234006,2
"53",40,1007479,234015,0
"54",40,1008129,234024,0
"55",40,1005035,234048,1
"56",40,1005597,234066,0
"57",40,1004980,234079,3
"58",43,1024303,234170,0
"59",41,1017355,234183,0
"60",40,1004865,234224,0
"61",40,1003844,234231,1
"62",40,1006936,234238,0
"63",41,1011102,234239,0
"64",41,1014691,234266,1
"65",40,1004895,234278,0
"66",40,1004197,234339,1
"67",40,1004972,234409,2
"68",41,1015467,234421,2
"69",41,1011169,234440,0
"70",40,1007816,234513,1
"71",41,1015449,234525,0
"72",40,1007725,234534,0
"73",40,1004735,234545,1
"74",40,1005904,234618,1
"75",40,1010316,234759,3
"76",40,1005984,234768,1
"77",40,1004367,234794,0
"78",40,1010035,234836,0
"79",40,1005826,234852,5
"80",40,1006897,234868,1
"81",43,1023793,234871,1
"82",40,1005796,234876,16
"83",40,1004723,234880,1
"84",40,1007245,234932,4
"85",40,1005615,234976,2
"86",41,1016951,234993,1
"87",40,1009275,235042,0
"88",40,1004801,235061,1
"89",41,1015220,235083,0
"90",40,1004031,235132,3
"91",41,1010774,235171,2
"92",41,1011629,235192,0
"93",40,1005005,235200,0
"94",41,1010889,235211,1
"95",41,1010695,235228,4
"96",41,1012964,235229,0
"97",40,1008029,235232,1
"98",40,1007372,235235,0
"99",41,1012939,235240,2
"100",41,1016056,235250,0
"101",40,1005099,235260,1
"102",41,1016094,235260,0
"103",40,1009612,235269,1
"104",41,1011596,235271,2
"105",40,1005462,235283,4
"106",40,1005133,235287,0
"107",40,1006647,235287,1
"108",40,1005148,235290,1
"109",41,1014485,235311,0
"110",40,1006043,235317,1
"111",40,1006054,235318,6
"112",40,1007405,235318,1
"113",40,1004712,235320,0
"114",41,1011169,235321,0
"115",40,1003813,235345,0
"116",40,1005225,235349,1
"117",41,1015283,235352,0
"118",41,1015275,235363,0
"119",41,1015281,235364,3
"120",40,1009360,235365,0
"121",40,1005266,235370,1
"122",40,1005928,235380,0
"123",41,1012174,235380,0
"124",40,1005889,235408,1
"125",40,1005870,235411,3
"126",40,1009926,235436,1
"127",40,1007561,235440,1
"128",43,1023791,235443,2
"129",41,1015264,235447,0
"130",40,1005373,235449,3
"131",41,1011532,235453,1
"132",40,1009847,235460,0
"133",40,1008135,235470,0
"134",40,1009673,235504,0
"135",40,1009545,235536,1
"136",40,1006190,235546,0
"137",41,1012361,235556,0
"138",40,1004847,235563,2
"139",40,1009419,235573,2
"140",40,1010511,235588,1
"141",40,1005599,235599,0
"142",41,1011917,235599,1
"143",40,1009105,235656,1
"144",41,1011209,235665,0
"145",41,1012113,235669,0
"146",40,1007039,235672,1
"147",40,1005927,235693,1
"148",40,1010543,235693,0
"149",40,1005526,235713,2
"150",40,1005525,235726,2
"151",40,1004943,235736,0
"152",40,1005817,235751,0
"153",40,1005852,235778,2
"154",41,1013693,235796,0
"155",40,1005479,235802,0
"156",40,1008661,235809,1
"157",40,1005465,235813,0
"158",41,1012062,235816,0
"159",41,1014652,235837,0
"160",40,1007237,235855,2
"161",40,1005429,235873,0
"162",40,1007180,235883,1
"163",41,1014904,235891,1
"164",41,1015972,235899,1
"165",40,1005039,235908,0
"166",40,1005414,235909,2
"167",40,1006059,235912,0
"168",40,1008958,235918,3
"169",41,1012375,235939,1
"170",41,1015162,235941,0
"171",40,1007684,235949,1
"172",40,1008345,235949,10
"173",40,1005380,235954,0
"174",41,1012006,235961,2
"175",40,1008261,235983,2
"176",40,1005080,235987,1
"177",40,1008214,236003,2
"178",41,1013848,236017,0
"179",41,1012802,236024,0
"180",40,1005969,236034,2
"181",40,1006901,236034,0
"182",41,1011316,236034,0
"183",45,1033253,236037,0
"184",41,1015672,236043,2
"185",43,1021253,236044,1
"186",40,1005124,236060,2
"187",40,1005321,236062,1
"188",40,1008085,236066,1
"189",40,1006298,236078,1
"190",40,1007352,236095,0
"191",41,1011491,236096,0
"192",40,1005922,236101,2
"193",41,1012143,236104,2
"194",40,1007980,236112,2
"195",41,1011549,236117,0
"196",41,1015659,236127,0
"197",40,1006742,236129,1
"198",41,1015651,236135,1
"199",40,1005275,236138,1
"200",40,1007246,236142,1
"201",41,1011927,236162,1
"202",41,1011656,236164,1
"203",40,1003943,236168,0
"204",40,1008446,236174,1
"205",40,1008448,236188,2
"206",41,1012582,236196,0
"207",41,1011757,236201,0
"208",40,1009308,236215,3
"209",41,1013587,236221,2
"210",40,1005215,236231,0
"211",40,1005827,236235,9
"212",40,1010146,236240,2
"213",40,1006542,236241,0
"214",40,1010970,236246,5
"215",40,1009603,236248,1
"216",41,1011897,236250,1
"217",40,1006118,236258,0
"218",40,1008159,236283,2
"219",40,1005789,236294,0
"220",41,1015360,236298,1
"221",41,1012662,236303,0
"222",40,1010705,236317,3
"223",41,1013469,236318,1
"224",41,1011208,236324,1
"225",41,1015345,236344,3
"226",41,1015612,236356,1
"227",40,1010533,236370,15
"228",41,1012354,236375,1
"229",41,1012720,236376,2
"230",40,1010456,236389,0
"231",40,1006777,236405,0
"232",41,1011840,236412,0
"233",40,1005956,236414,1
"234",40,1010322,236422,0
"235",40,1005331,236446,0
"236",43,1021486,236447,1
"237",45,1033362,236468,3
"238",40,1007288,236469,2
"239",40,1005347,236477,0
"240",40,1007923,236489,1
"241",40,1007237,236500,1
"242",40,1007224,236508,0
"243",40,1006433,236529,0
"244",41,1013195,236529,1
"245",40,1004819,236531,1
"246",41,1012149,236535,2
"247",41,1011790,236539,0
"248",40,1009898,236541,6
"249",40,1009404,236559,1
"250",41,1014230,236561,0
"251",40,1008881,236572,1
"252",40,1009731,236580,0
"253",40,1009519,236589,3
"254",40,1009693,236593,0
"255",40,1007034,236608,3
"256",43,1024768,236634,1
"257",40,1006959,236636,0
"258",43,1023867,236637,0
"259",41,1012560,236642,0
"260",41,1013481,236644,0
"261",40,1007992,236655,0
"262",40,1009649,236655,6
"263",41,1011999,236656,0
"264",40,1006896,236657,5
"265",41,1013906,236686,3
"266",40,1009702,236693,2
"267",41,1011944,236695,2
"268",41,1011727,236698,0
"269",40,1011097,236699,1
"270",41,1011097,236699,0
"271",41,1014198,236718,1
"272",43,1020885,236728,0
"273",40,1006659,236730,1
"274",40,1010513,236730,3
"275",41,1014351,236733,0
"276",43,1020951,236734,1
"277",45,1029379,236734,1
"278",43,1020983,236740,1
"279",41,1011316,236747,0
"280",40,1009776,236758,5
"281",43,1021113,236763,0
"282",43,1021112,236769,1
"283",40,1004119,236771,1
"284",41,1014736,236773,0
"285",40,1006520,236780,1
"286",40,1007290,236782,0
"287",41,1015784,236790,2
"288",41,1014956,236797,1
"289",41,1015024,236801,0
"290",45,1033218,236805,0
"291",41,1012361,236812,1
"292",40,1005538,236831,1
"293",41,1011674,236847,0
"294",40,1007097,236856,14
"295",41,1011730,236862,1
"296",43,1026065,236863,0
"297",45,1033190,236863,2
"298",40,1008715,236871,1
"299",41,1015505,236876,3
"300",40,1009935,236881,3
"301",41,1015222,236887,2
"302",40,1006150,236909,1
"303",41,1015721,236922,3
"304",41,1015760,236927,2
"305",43,1026406,236930,2
"306",41,1011173,236934,4
"307",40,1007431,236936,0
"308",41,1015862,236951,2
"309",41,1015192,236953,1
"310",40,1009312,236971,0
"311",41,1016015,236979,2
"312",43,1026699,236982,2
"313",43,1025571,236989,0
"314",41,1014135,236990,1
"315",40,1011185,236992,0
"316",41,1012582,237004,1
"317",43,1021385,237016,1
"318",40,1010531,237018,4
"319",41,1013226,237021,0
"320",41,1014852,237030,0
"321",41,1012542,237039,0
"322",41,1012884,237047,0
"323",41,1013599,237048,0
"324",40,1010146,237049,3
"325",40,1007171,237062,0
"326",40,1010528,237067,3
"327",41,1015139,237068,0
"328",40,1008779,237080,1
"329",40,1005630,237083,4
"330",43,1027295,237085,0
"331",45,1033677,237089,2
"332",41,1015099,237169,0
"333",41,1012654,237176,0
"334",40,1010322,237186,1
"335",41,1012339,237198,1
"336",41,1015701,237209,0
"337",40,1005243,237211,1
"338",40,1005251,237214,1
"339",41,1015069,237227,1
"340",40,1010647,237238,0
"341",41,1013413,237253,1
"342",41,1015191,237255,0
"343",40,1009408,237258,2
"344",41,1013777,237270,1
"345",41,1015297,237270,1
"346",41,1013490,237351,1
"347",41,1014420,237363,1
"348",40,1010102,237402,1
"349",40,1007207,237413,1
"350",41,1013101,237415,0
"351",41,1015921,237431,1
"352",40,1009957,237442,2
"353",43,1026355,237456,1
"354",40,1006994,237486,1
"355",43,1026355,237490,2
"356",40,1006977,237492,1
"357",40,1006767,237505,1
"358",40,1009763,237506,1
"359",41,1011955,237507,0
"360",41,1012235,237507,0
"361",40,1004369,237509,2
"362",44,1004369,237509,1
"363",43,1020871,237522,0
"364",41,1011922,237529,3
"365",43,1020979,237540,0
"366",41,1014927,237541,1
"367",41,1015167,237586,0
"368",41,1014592,237589,0
"369",43,1025717,237597,1
"370",43,1025740,237607,1
"371",41,1015354,237626,1
"372",40,1007362,237628,0
"373",41,1014625,237628,0
"374",45,1033224,237632,0
"375",41,1013013,237638,1
"376",41,1014066,237641,0
"377",40,1006814,237645,0
"378",41,1015532,237659,2
"379",41,1015610,237678,0
"380",40,1008072,237702,4
"381",40,1007898,237708,1
"382",40,1009118,237708,0
"383",45,1033398,237708,0
"384",43,1020990,237722,0
"385",40,1007056,237732,1
"386",40,1011259,237768,1
"387",43,1026706,237776,4
"388",41,1016120,237780,0
"389",40,1009006,237800,1
"390",43,1026888,237809,0
"391",43,1026925,237810,0
"392",41,1013847,237812,1
"393",41,1014776,237838,2
"394",44,1004489,237844,1
"395",40,1009288,237859,0
"396",40,1010360,237860,0
"397",41,1015574,237866,4
"398",40,1008739,237873,1
"399",41,1015571,237881,2
"400",41,1015293,237892,0
"401",43,1026283,237895,1
"402",43,1018536,237915,0
"403",43,1020691,237916,0
"404",40,1011485,237929,0
"405",41,1011485,237929,1
"406",40,1006908,237935,12
"407",40,1006476,237941,7
"408",41,1015559,237942,0
"409",40,1007981,237945,0
"410",41,1011518,237946,0
"411",40,1008563,237960,1
"412",40,1006346,237986,6
"413",43,1026259,237993,1
"414",41,1014000,238004,2
"415",41,1012618,238010,1
"416",41,1012231,238012,0
"417",41,1015007,238046,1
"418",40,1006150,238054,2
"419",41,1013003,238059,0
"420",41,1012225,238060,0
"421",41,1013695,238085,8
"422",41,1014062,238085,1
"423",40,1008312,238086,0
"424",41,1013013,238095,1
"425",41,1013024,238107,0
"426",40,1005984,238108,0
"427",40,1009535,238123,0
"428",45,1034348,238134,1
"429",40,1009491,238137,1
"430",43,1018497,238147,2
"431",41,1013041,238156,1
"432",41,1014468,238156,7
"433",43,1024484,238168,0
"434",43,1024755,238220,1
"435",41,1015223,238229,2
"436",40,1007887,238238,1
"437",45,1034600,238253,0
"438",43,1026217,238260,1
"439",40,1008695,238265,1
"440",41,1013849,238288,1
"441",41,1013068,238289,1
"442",40,1007592,238302,1
"443",45,1033017,238345,0
"444",45,1033058,238363,0
"445",40,1006078,238373,0
"446",45,1033079,238373,0
"447",43,1025698,238382,2
"448",41,1014632,238397,0
"449",41,1013910,238398,5
"450",41,1014249,238403,0
"451",41,1013068,238404,3
"452",43,1025819,238404,3
"453",45,1033132,238404,0
"454",41,1012788,238406,0
"455",41,1012519,238408,2
"456",41,1012855,238409,0
"457",41,1015458,238417,1
"458",43,1016836,238430,1
"459",41,1012223,238431,1
"460",41,1014248,238443,0
"461",41,1014247,238457,1
"462",41,1012785,238467,2
"463",41,1015707,238467,0
"464",40,1009185,238490,1
"465",43,1021357,238494,4
"466",40,1007107,238501,0
"467",41,1014236,238502,0
"468",41,1012005,238504,0
"469",40,1009077,238515,0
"470",42,1010619,238527,0
"471",41,1012792,238528,1
"472",43,1022059,238537,0
"473",40,1006928,238560,4
"474",43,1021308,238560,2
"475",41,1016185,238561,5
"476",40,1010474,238567,0
"477",42,1010447,238582,4
"478",43,1025282,238585,2
"479",40,1006866,238587,1
"480",41,1012792,238590,0
"481",41,1014233,238591,2
"482",41,1014621,238595,2
"483",40,1006833,238599,0
"484",41,1011693,238602,0
"485",40,1010361,238606,1
"486",41,1012224,238617,0
"487",40,1006750,238621,4
"488",40,1008578,238622,0
"489",41,1012519,238624,0
"490",41,1011706,238632,1
"491",41,1013067,238633,1
"492",40,1007726,238645,3
"493",41,1012562,238650,1
"494",40,1006663,238657,1
"495",40,1006640,238659,2
"496",42,1010140,238664,0
"497",40,1007743,238679,0
"498",41,1013073,238686,1
"499",43,1025832,238687,0
"500",41,1014615,238697,1
"501",43,1022145,238701,1
"502",40,1006528,238704,2
"503",45,1033797,238707,1
"504",40,1006494,238716,1
"505",42,1010961,238721,4
"506",41,1012653,238722,1
"507",40,1007197,238731,9
"508",45,1032210,238735,3
"509",43,1026128,238737,0
"510",41,1014605,238742,6
"511",40,1009872,238747,0
"512",41,1013903,238747,1
"513",41,1015129,238749,2
"514",41,1013897,238753,0
"515",41,1012225,238755,1
"516",45,1033946,238773,1
"517",43,1023479,238790,0
"518",41,1014602,238799,0
"519",41,1014608,238799,0
"520",41,1011758,238809,0
"521",42,1011758,238809,0
"522",41,1012791,238814,4
"523",42,1009597,238833,0
"524",40,1007244,238841,1
"525",41,1013896,238844,0
"526",43,1024059,238892,0
"527",43,1025658,238893,2
"528",41,1013901,238905,2
"529",40,1006451,238923,7
"530",43,1021022,238928,0
"531",44,1004478,238929,1
"532",40,1007280,238934,1
"533",41,1015830,238936,0
"534",41,1012985,238946,0
"535",42,1008390,239003,1
"536",44,1006375,239008,0
"537",41,1014209,239017,1
"538",42,1009653,239020,0
"539",44,1006566,239029,1
"540",42,1011058,239029,0
"541",45,1032673,239035,0
"542",42,1008753,239042,1
"543",41,1012796,239053,0
"544",42,1011416,239063,0
"545",45,1033560,239065,1
"546",40,1007341,239067,1
"547",42,1010896,239083,2
"548",40,1006650,239092,3
"549",43,1025190,239097,0
"550",43,1022071,239100,1
"551",42,1010796,239108,1
"552",45,1032801,239119,1
"553",45,1032812,239126,0
"554",42,1010687,239143,2
"555",43,1020849,239143,1
"556",41,1014199,239165,4
"557",41,1012791,239170,0
"558",43,1021003,239176,1
"559",41,1014378,239180,2
"560",44,1004319,239189,1
"561",41,1014653,239198,0
"562",40,1006999,239205,7
"563",43,1021156,239206,0
"564",41,1014837,239207,1
"565",43,1021178,239210,0
"566",41,1012235,239212,0
"567",42,1011121,239219,0
"568",42,1011115,239221,1
"569",43,1024295,239221,0
"570",41,1015096,239225,0
"571",43,1021341,239232,1
"572",42,1011889,239235,0
"573",41,1015356,239242,1
"574",41,1012117,239245,4
"575",43,1021433,239248,0
"576",42,1010340,239255,1
"577",43,1021492,239265,1
"578",42,1011131,239272,0
"579",43,1021616,239281,0
"580",43,1021726,239300,2
"581",41,1011916,239310,1
"582",43,1024834,239315,0
"583",41,1013539,239322,1
"584",43,1021828,239324,1
"585",41,1012239,239328,1
"586",43,1021850,239328,0
"587",44,1004379,239331,1
"588",42,1008006,239341,0
"589",42,1010059,239344,2
"590",41,1014190,239349,0
"591",41,1012798,239356,1
"592",43,1022027,239356,1
"593",42,1009454,239373,0
"594",41,1014179,239408,0
"595",42,1009784,239429,0
"596",41,1012238,239444,0
"597",42,1012238,239444,0
"598",41,1012796,239444,2
"599",41,1015079,239448,0
"600",42,1009704,239453,0
"601",41,1014182,239459,0
"602",41,1013426,239479,0
"603",44,1004447,239483,1
"604",44,1007121,239502,4
"605",41,1014172,239513,1
"606",42,1008212,239515,0
"607",42,1009516,239520,0
"608",41,1011982,239520,0
"609",42,1011982,239520,0
"610",41,1012237,239541,0
"611",42,1009529,239548,2
"612",41,1013879,239551,2
"613",44,1007185,239556,3
"614",42,1011751,239590,0
"615",43,1023332,239590,1
"616",41,1014559,239605,0
"617",44,1007249,239610,0
"618",41,1014552,239614,2
"619",42,1010461,239630,0
"620",41,1014021,239643,1
"621",41,1014169,239654,3
"622",41,1012522,239685,2
"623",41,1013876,239696,2
"624",43,1025086,239704,0
"625",43,1019525,239718,0
"626",42,1008996,239726,1
"627",41,1014160,239740,0
"628",41,1014187,239755,1
"629",41,1014200,239764,1
"630",41,1014204,239767,1
"631",45,1033097,239777,2
"632",43,1018204,239783,1
"633",42,1011096,239796,1
"634",42,1011097,239802,3
"635",42,1008796,239804,0
"636",43,1020085,239815,1
"637",43,1020273,239846,1
"638",41,1014331,239859,0
"639",41,1014158,239874,1
"640",42,1010832,239885,7
"641",43,1020237,239886,1
"642",42,1010793,239891,0
"643",43,1020514,239891,1
"644",44,1004896,239898,1
"645",42,1010741,239907,0
"646",43,1020623,239909,1
"647",42,1007419,239928,0
"648",43,1020864,239948,2
"649",41,1015310,239949,0
"650",43,1023205,239960,0
"651",42,1009653,239975,1
"652",41,1014510,239978,1
"653",42,1010515,239984,0
"654",43,1020163,239987,0
"655",41,1014578,240021,1
"656",45,1035485,240048,1
"657",43,1025894,240049,2
"658",43,1021446,240060,1
"659",43,1020085,240085,3
"660",42,1010606,240098,1
"661",41,1014165,240101,0
"662",42,1010095,240114,0
"663",41,1014703,240114,2
"664",43,1017224,240136,0
"665",43,1021879,240139,1
"666",41,1014773,240158,0
"667",43,1019996,240194,0
"668",43,1017599,240200,0
"669",41,1015293,240212,2
"670",43,1023815,240216,0
"671",41,1015427,240217,1
"672",44,1005057,240220,1
"673",41,1015444,240224,1
"674",41,1013082,240227,0
"675",43,1017854,240245,1
"676",41,1014912,240247,2
"677",43,1019944,240257,0
"678",44,1004793,240258,2
"679",42,1009747,240269,1
"680",42,1012222,240289,0
"681",43,1018110,240290,1
"682",44,1006244,240307,1
"683",42,1009527,240311,0
"684",44,1007188,240318,0
"685",42,1011469,240320,1
"686",41,1015024,240325,0
"687",45,1033602,240335,0
"688",43,1018367,240337,0
"689",43,1023078,240343,0
"690",42,1011361,240351,4
"691",44,1007829,240358,1
"692",42,1012248,240358,0
"693",43,1016770,240372,1
"694",41,1014608,240375,0
"695",43,1018623,240382,0
"696",42,1011838,240384,0
"697",42,1011208,240399,2
"698",42,1010687,240400,1
"699",42,1009784,240404,2
"700",43,1018761,240410,1
"701",42,1011163,240416,1
"702",42,1012042,240416,1
"703",43,1018879,240429,0
"704",43,1020778,240430,1
"705",44,1005844,240453,4
"706",42,1011009,240459,0
"707",41,1015281,240459,2
"708",43,1017284,240464,1
"709",43,1019150,240476,2
"710",42,1009611,240480,0
"711",41,1015275,240502,1
"712",44,1013881,240516,0
"713",41,1014442,240517,0
"714",41,1014164,240519,1
"715",41,1013319,240531,1
"716",43,1017272,240533,0
"717",42,1010436,240544,0
"718",45,1033412,240552,0
"719",41,1012913,240553,1
"720",43,1021558,240558,1
"721",42,1015010,240578,0
"722",43,1019821,240595,1
"723",42,1010499,240606,0
"724",43,1018578,240614,0
"725",45,1033731,240638,2
"726",43,1020079,240641,1
"727",41,1013308,240642,0
"728",42,1014440,240645,1
"729",42,1009979,240662,0
"730",44,1005270,240674,1
"731",42,1010567,240691,0
"732",43,1021527,240695,2
"733",43,1020416,240701,3
"734",43,1020454,240711,0
"735",42,1014441,240714,2
"736",43,1022946,240715,0
"737",43,1020587,240732,2
"738",43,1018562,240735,0
"739",45,1032785,240753,0
"740",43,1020719,240758,1
"741",43,1020800,240769,1
"742",41,1013077,240795,1
"743",43,1021023,240809,2
"744",41,1013083,240814,1
"745",41,1015773,240835,0
"746",43,1017744,240849,0
"747",43,1021278,240855,0
"748",42,1011896,240862,0
"749",42,1012136,240864,0
"750",44,1004749,240880,3
"751",43,1022888,240882,1
"752",42,1010182,240888,0
"753",44,1006516,240907,2
"754",43,1021603,240912,3
"755",42,1010764,240922,0
"756",43,1021751,240942,1
"757",41,1015960,240988,4
"758",43,1025726,241003,1
"759",44,1008338,241010,1
"760",42,1014710,241016,1
"761",42,1010183,241018,0
"762",42,1010859,241026,3
"763",42,1011356,241027,0
"764",42,1009979,241055,0
"765",44,1005154,241059,0
"766",44,1006128,241071,1
"767",44,1008370,241093,0
"768",42,1011142,241095,0
"769",43,1017170,241120,0
"770",43,1027448,241127,0
"771",43,1017429,241149,1
"772",41,1012877,241159,1
"773",43,1017689,241175,0
"774",43,1017731,241177,0
"775",43,1017948,241204,1
"776",44,1007850,241218,3
"777",44,1008139,241234,1
"778",43,1018207,241234,1
"779",42,1012113,241267,1
"780",42,1010535,241299,0
"781",44,1007617,241317,2
"782",43,1018455,241320,0
"783",43,1019527,241348,1
"784",43,1025659,241359,1
"785",43,1017387,241366,0
"786",44,1003966,241380,0
"787",44,1007649,241385,2
"788",43,1019802,241397,1
"789",44,1007930,241406,0
"790",44,1007938,241409,0
"791",43,1018703,241414,1
"792",44,1007383,241421,1
"793",44,1007957,241450,0
"794",44,1008533,241469,0
"795",43,1020315,241487,1
"796",42,1009004,241514,3
"797",44,1006065,241543,1
"798",43,1018676,241545,1
"799",44,1007141,241554,3
"800",44,1008292,241571,1
"801",45,1032598,241603,1
"802",42,1009787,241618,1
"803",43,1025612,241623,1
"804",44,1007468,241625,0
"805",43,1016022,241651,0
"806",44,1003608,241656,2
"807",44,1008053,241673,2
"808",42,1010852,241673,0
"809",44,1006912,241681,0
"810",44,1008346,241686,3
"811",43,1018650,241695,0
"812",42,1009826,241702,0
"813",43,1019464,241704,1
"814",42,1012258,241723,1
"815",42,1014716,241733,1
"816",42,1014172,241737,1
"817",44,1006789,241748,1
"818",44,1007814,241775,6
"819",44,1006681,241801,1
"820",42,1010964,241812,0
"821",42,1012706,241820,1
"822",43,1018627,241820,0
"823",43,1016835,241831,0
"824",43,1018626,241859,1
"825",44,1008421,241868,2
"826",44,1007579,241875,2
"827",43,1018616,241883,0
"828",42,1010677,241911,2
"829",44,1007021,241916,1
"830",44,1008159,241919,0
"831",44,1003453,241942,0
"832",44,1008177,241943,2
"833",44,1007332,241985,0
"834",43,1024673,241993,1
"835",44,1006261,242012,0
"836",45,1030094,242032,1
"837",42,1011708,242036,0
"838",44,1008773,242041,2
"839",42,1014257,242043,0
"840",43,1022487,242044,2
"841",44,1008390,242057,1
"842",44,1003231,242072,2
"843",44,1006603,242087,1
"844",42,1011878,242101,0
"845",43,1023780,242102,1
"846",42,1011854,242120,0
"847",42,1011718,242147,0
"848",43,1016981,242160,0
"849",44,1007989,242164,1
"850",42,1010031,242187,1
"851",44,1008001,242190,0
"852",42,1011624,242194,1
"853",44,1003563,242217,1
"854",44,1008023,242241,1
"855",44,1006709,242261,3
"856",44,1003591,242274,5
"857",44,1006684,242275,2
"858",43,1023321,242288,0
"859",43,1018546,242290,1
"860",44,1008046,242292,6
"861",44,1008052,242305,0
"862",44,1007770,242308,4
"863",42,1011408,242310,8
"864",43,1021081,242320,1
"865",43,1018802,242336,3
"866",44,1008913,242387,0
"867",44,1006428,242389,3
"868",42,1012839,242402,1
"869",42,1009525,242406,1
"870",43,1025472,242406,0
"871",42,1011876,242454,2
"872",43,1019609,242482,1
"873",42,1010973,242491,1
"874",44,1008137,242505,1
"875",44,1007287,242526,1
"876",44,1007871,242538,1
"877",45,1031495,242545,1
"878",43,1017695,242597,1
"879",44,1008176,242598,1
"880",42,1011554,242598,0
"881",42,1012399,242606,1
"882",44,1007050,242630,1
"883",42,1010221,242648,4
"884",42,1009325,242655,0
"885",42,1011593,242660,0
"886",42,1010525,242669,0
"887",42,1010240,242679,0
"888",44,1006592,242681,0
"889",43,1024056,242689,1
"890",42,1010250,242703,1
"891",42,1012538,242718,0
"892",44,1003791,242739,1
"893",44,1003519,242745,1
"894",44,1005918,242774,1
"895",42,1009381,242787,1
"896",42,1010286,242796,0
"897",43,1022239,242799,0
"898",43,1018977,242819,0
"899",42,1009399,242831,1
"900",42,1010603,242831,1
"901",42,1012075,242857,1
"902",44,1004996,242870,1
"903",42,1010081,242876,1
"904",44,1008027,242878,1
"905",43,1018179,242882,0
"906",44,1008325,242923,2
"907",43,1025377,242930,2
"908",44,1007197,242947,1
"909",42,1011857,242963,0
"910",42,1010366,242992,1
"911",44,1004689,243002,2
"912",44,1003637,243020,4
"913",42,1009716,243024,1
"914",44,1008374,243025,1
"915",43,1021144,243029,0
"916",44,1007672,243030,3
"917",42,1013045,243036,0
"918",44,1009207,243050,1
"919",42,1015021,243050,1
"920",44,1006049,243075,0
"921",43,1018323,243096,1
"922",44,1004449,243104,1
"923",44,1007469,243106,1
"924",43,1018399,243107,1
"925",44,1003946,243109,1
"926",42,1009517,243117,1
"927",43,1018051,243130,0
"928",43,1018509,243130,1
"929",43,1024719,243151,0
"930",43,1018655,243153,0
"931",44,1007366,243161,1
"932",44,1004309,243167,7
"933",44,1007312,243183,2
"934",42,1010450,243189,1
"935",44,1004234,243196,1
"936",43,1018912,243198,1
"937",44,1009273,243207,3
"938",43,1017854,243216,1
"939",42,1010473,243227,0
"940",42,1010806,243234,5
"941",44,1004126,243246,0
"942",42,1012453,243248,2
"943",44,1004836,243259,3
"944",45,1025502,243265,1
"945",42,1010485,243271,3
"946",42,1010491,243271,2
"947",42,1011673,243282,0
"948",44,1004025,243286,4
"949",43,1019463,243298,0
"950",44,1003522,243318,2
"951",44,1007022,243322,1
"952",43,1019719,243343,1
"953",42,1010524,243347,0
"954",44,1003792,243378,3
"955",44,1003546,243380,0
"956",44,1006870,243393,1
"957",43,1017761,243396,1
"958",43,1020240,243433,1
"959",42,1010554,243434,2
"960",44,1004360,243448,2
"961",42,1009670,243470,1
"962",43,1022146,243475,1
"963",43,1018856,243477,0
"964",42,1009677,243484,3
"965",44,1007725,243503,2
"966",44,1008585,243507,2
"967",44,1004981,243508,1
"968",42,1010948,243509,5
"969",44,1004689,243518,0
"970",45,1034027,243556,1
"971",43,1019946,243567,0
"972",43,1018836,243579,2
"973",44,1003633,243584,1
"974",44,1007221,243586,0
"975",43,1017956,243586,1
"976",43,1021336,243593,0
"977",42,1009731,243613,3
"978",44,1004452,243620,1
"979",42,1015292,243652,1
"980",44,1004327,243678,0
"981",44,1004285,243690,2
"982",45,1025970,243698,3
"983",44,1005103,243703,1
"984",43,1022117,243713,0
"985",44,1008105,243721,1
"986",44,1004213,243725,1
"987",44,1005665,243729,0
"988",45,1034600,243740,2
"989",42,1014123,243770,1
"990",43,1018150,243776,0
"991",42,1011087,243777,1
"992",42,1010708,243780,1
"993",44,1007365,243785,0
"994",45,1026327,243791,0
"995",44,1004044,243795,0
"996",44,1007919,243811,0
"997",44,1003758,243813,1
"998",44,1003984,243824,1
"999",42,1011117,243843,2
"1000",44,1007411,243852,2
"1001",42,1015077,243852,0
"1002",42,1015672,243853,0
"1003",44,1009029,243859,1
"1004",42,1013416,243863,1
"1005",44,1005731,243904,1
"1006",43,1018776,243911,0
"1007",42,1014727,243921,2
"1008",42,1009873,243953,1
"1009",44,1004313,243967,1
"1010",44,1007530,244009,0
"1011",45,1025146,244016,2
"1012",44,1003931,244041,1
"1013",44,1007951,244044,3
"1014",44,1007562,244048,0
"1015",45,1026570,244060,1
"1016",44,1009638,244062,0
"1017",45,1025557,244075,0
"1018",45,1026396,244077,0
"1019",42,1010829,244080,2
"1020",44,1008010,244113,0
"1021",42,1009957,244123,3
"1022",45,1030238,244132,1
"1023",42,1010860,244138,0
"1024",45,1027377,244151,1
"1025",42,1015805,244156,1
"1026",44,1009210,244157,1
"1027",42,1010868,244171,2
"1028",45,1026676,244181,8
"1029",44,1004047,244192,0
"1030",42,1015085,244196,1
"1031",43,1022593,244220,0
"1032",44,1004076,244229,2
"1033",42,1010013,244242,0
"1034",45,1026742,244258,3
"1035",44,1009710,244261,0
"1036",42,1010913,244263,1
"1037",42,1015568,244263,1
"1038",44,1008123,244271,2
"1039",42,1010911,244273,2
"1040",44,1009255,244278,1
"1041",44,1005474,244285,1
"1042",45,1032439,244289,1
"1043",44,1009713,244297,7
"1044",43,1019808,244335,1
"1045",45,1026838,244363,0
"1046",42,1014748,244365,1
"1047",44,1006286,244384,1
"1048",45,1026423,244405,1
"1049",44,1008989,244415,0
"1050",42,1010098,244419,5
"1051",42,1010103,244431,0
"1052",43,1021034,244440,0
"1053",43,1021222,244461,0
"1054",42,1010997,244468,0
"1055",42,1011930,244473,1
"1056",42,1010126,244478,0
"1057",44,1004279,244490,2
"1058",45,1025070,244539,3
"1059",44,1008769,244547,2
"1060",44,1007578,244549,1
"1061",45,1029209,244588,4
"1062",44,1005788,244600,0
"1063",43,1020710,244616,1
"1064",45,1028135,244640,1
"1065",45,1025700,244713,2
"1066",44,1007239,244716,1
"1067",44,1008404,244727,0
"1068",43,1020203,244736,1
"1069",43,1020964,244740,1
"1070",44,1008360,244745,1
"1071",45,1026727,244747,1
"1072",44,1008875,244776,1
"1073",42,1012069,244810,1
"1074",44,1006712,244826,1
"1075",45,1033221,244833,1
"1076",45,1026818,244856,0
"1077",43,1020447,244888,0
"1078",42,1012105,244896,0
"1079",45,1032422,244903,4
"1080",44,1006157,244915,2
"1081",45,1027351,244927,1
"1082",44,1007374,244940,2
"1083",45,1030999,244966,1
"1084",45,1026465,244977,1
"1085",43,1020953,244991,1
"1086",44,1007419,245007,1
"1087",45,1025744,245017,0
"1088",45,1044177,245018,4
"1089",44,1008192,245037,0
"1090",45,1026992,245049,1
"1091",43,1021139,245062,1
"1092",44,1007763,245076,0
"1093",45,1027031,245098,2
"1094",45,1026579,245113,3
"1095",45,1027523,245113,0
"1096",44,1007509,245160,1
"1097",44,1004632,245169,1
"1098",45,1025557,245193,1
"1099",49,1019772,245230,0
"1100",42,1010430,245242,4
"1101",44,1008285,245256,2
"1102",45,1027674,245277,0
"1103",45,1025458,245278,3
"1104",45,1026729,245280,0
"1105",45,1026675,245331,1
"1106",44,1008313,245340,1
"1107",43,1021898,245357,0
"1108",45,1027267,245362,1
"1109",48,1017356,245369,1
"1110",45,1026812,245378,1
"1111",44,1004928,245385,0
"1112",44,1007027,245405,0
"1113",44,1005981,245427,2
"1114",45,1026188,245427,0
"1115",45,1026541,245445,1
"1116",45,1030080,245467,0
"1117",44,1007998,245528,1
"1118",44,1008734,245544,1
"1119",45,1025136,245571,2
"1120",45,1028994,245583,0
"1121",45,1027956,245587,0
"1122",45,1029675,245606,0
"1123",44,1005501,245608,3
"1124",45,1044011,245610,0
"1125",48,1019444,245654,3
"1126",49,1019444,245654,0
"1127",44,1008406,245663,1
"1128",42,1012148,245681,1
"1129",45,1031360,245699,1
"1130",44,1005847,245702,0
"1131",45,1031629,245710,1
"1132",44,1006149,245725,0
"1133",44,1008419,245726,0
"1134",49,1021752,245738,2
"1135",49,1020546,245739,2
"1136",49,1020195,245767,1
"1137",49,1028231,245780,1
"1138",45,1026792,245826,3
"1139",49,1020783,245835,4
"1140",45,1031330,245837,1
"1141",43,1022347,245864,0
"1142",44,1005044,245866,1
"1143",45,1027607,245886,0
"1144",48,1019561,245896,0
"1145",45,1028001,245908,0
"1146",48,1016513,245912,0
"1147",49,1021175,245925,1
"1148",45,1026034,245931,0
"1149",44,1005084,245932,0
"1150",43,1022783,245933,0
"1151",44,1005394,245935,1
"1152",49,1027982,245950,0
"1153",49,1021209,245953,0
"1154",44,1004867,245966,0
"1155",48,1016424,245969,0
"1156",44,1005133,246020,1
"1157",45,1026568,246040,0
"1158",49,1020931,246057,0
"1159",44,1005166,246078,0
"1160",48,1018536,246089,0
"1161",45,1029983,246112,0
"1162",44,1005674,246113,2
"1163",44,1006949,246116,0
"1164",48,1013551,246128,1
"1165",44,1010527,246151,1
"1166",49,1024272,246164,1
"1167",49,1021076,246170,0
"1168",44,1004745,246204,1
"1169",44,1005825,246210,1
"1170",44,1005241,246219,1
"1171",49,1021557,246239,0
"1172",49,1024830,246246,0
"1173",44,1010535,246250,2
"1174",42,1010869,246272,1
"1175",44,1005285,246289,0
"1176",45,1025114,246289,0
"1177",48,1017958,246292,1
"1178",44,1010025,246298,2
"1179",48,1013824,246299,0
"1180",45,1031654,246310,1
"1181",44,1005885,246334,1
"1182",45,1025419,246336,0
"1183",49,1025507,246350,3
"1184",45,1026878,246357,0
"1185",44,1006947,246405,1
"1186",49,1025501,246411,0
"1187",44,1010929,246421,2
"1188",49,1024905,246447,1
"1189",49,1021020,246451,0
"1190",44,1008612,246492,1
"1191",45,1029359,246504,1
"1192",44,1006611,246527,0
"1193",44,1007645,246550,1
"1194",44,1010552,246556,0
"1195",44,1005083,246580,0
"1196",45,1043731,246580,0
"1197",45,1029380,246584,0
"1198",49,1020804,246600,0
"1199",49,1021208,246602,1
"1200",49,1020789,246627,2
"1201",49,1020135,246632,0
"1202",48,1016681,246634,0
"1203",45,1030226,246637,0
"1204",44,1010049,246653,2
"1205",44,1006375,246656,1
"1206",49,1021241,246656,0
"1207",48,1015368,246661,0
"1208",44,1005358,246668,1
"1209",49,1024713,246696,0
"1210",45,1026985,246715,0
"1211",48,1016553,246720,1
"1212",44,1005242,246745,0
"1213",49,1024914,246777,0
"1214",49,1020331,246789,0
"1215",44,1005297,246796,2
"1216",44,1006111,246803,3
"1217",45,1026920,246817,1
"1218",44,1005538,246818,1
"1219",48,1017883,246820,1
"1220",49,1020945,246837,0
"1221",49,1021404,246846,0
"1222",44,1011111,246850,2
"1223",44,1007907,246866,0
"1224",44,1007902,246875,1
"1225",49,1022079,246887,1
"1226",49,1025140,246900,0
"1227",45,1033170,246907,1
"1228",44,1006805,246922,0
"1229",44,1004989,246932,0
"1230",49,1020525,246946,2
"1231",42,1011165,246976,0
"1232",46,1011165,246976,0
"1233",44,1007075,246981,0
"1234",48,1016992,247008,1
"1235",48,1014599,247020,1
"1236",45,1029478,247038,0
"1237",48,1017518,247040,1
"1238",44,1009826,247051,2
"1239",44,1009324,247086,0
"1240",49,1026705,247087,0
"1241",44,1007101,247117,2
"1242",48,1016809,247125,1
"1243",49,1020901,247132,1
"1244",49,1023036,247177,2
"1245",46,1005697,247195,0
"1246",48,1016404,247199,0
"1247",49,1021125,247201,0
"1248",46,1009834,247208,1
"1249",49,1021174,247214,0
"1250",48,1017234,247239,1
"1251",49,1021292,247243,0
"1252",48,1016428,247247,1
"1253",49,1024922,247275,3
"1254",45,1030972,247291,0
"1255",49,1028272,247312,0
"1256",49,1021547,247314,0
"1257",49,1025077,247363,1
"1258",49,1021788,247380,0
"1259",46,1008116,247427,1
"1260",45,1030904,247429,1
"1261",49,1021517,247436,2
"1262",48,1012849,247437,0
"1263",46,1011163,247458,1
"1264",48,1014131,247458,2
"1265",49,1022096,247462,0
"1266",49,1024813,247464,1
"1267",49,1022127,247471,0
"1268",45,1032532,247487,1
"1269",48,1015762,247497,0
"1270",48,1017410,247507,1
"1271",45,1031447,247527,0
"1272",45,1030315,247569,0
"1273",49,1022512,247579,0
"1274",45,1030817,247597,2
"1275",45,1034252,247616,0
"1276",46,1007155,247647,0
"1277",49,1026241,247648,1
"1278",49,1021181,247653,0
"1279",49,1027239,247667,0
"1280",45,1031725,247668,3
"1281",48,1014165,247727,0
"1282",46,1010705,247739,0
"1283",45,1031052,247744,2
"1284",48,1012975,247755,1
"1285",49,1023139,247769,0
"1286",49,1021421,247782,1
"1287",49,1021412,247792,1
"1288",45,1032009,247804,0
"1289",46,1011526,247828,1
"1290",45,1030593,247852,0
"1291",46,1008971,247868,0
"1292",46,1006998,247894,1
"1293",49,1023343,247894,0
"1294",45,1030653,247909,3
"1295",49,1022413,247926,0
"1296",48,1014976,247931,1
"1297",45,1029855,247945,2
"1298",49,1024520,247949,1
"1299",46,1009629,247952,1
"1300",45,1029793,247953,0
"1301",48,1013611,247977,1
"1302",46,1008743,247991,0
"1303",49,1020850,247992,1
"1304",46,1010707,248016,2
"1305",46,1010638,248020,3
"1306",48,1014830,248022,1
"1307",49,1023566,248027,0
"1308",46,1010551,248029,0
"1309",45,1030906,248029,1
"1310",45,1030110,248042,1
"1311",49,1021006,248049,0
"1312",48,1014314,248052,1
"1313",49,1020705,248056,0
"1314",46,1010290,248072,0
"1315",49,1021061,248073,0
"1316",48,1013374,248085,0
"1317",48,1015295,248107,0
"1318",46,1011642,248112,3
"1319",46,1010911,248140,1
"1320",49,1021433,248145,1
"1321",46,1011459,248161,4
"1322",49,1021567,248183,1
"1323",49,1023870,248211,0
"1324",49,1026520,248226,0
"1325",49,1022926,248228,1
"1326",46,1007143,248244,0
"1327",46,1011511,248284,1
"1328",46,1007436,248286,1
"1329",46,1010956,248290,0
"1330",49,1024012,248293,2
"1331",49,1021000,248310,0
"1332",49,1024079,248329,1
"1333",46,1009219,248333,2
"1334",45,1030883,248367,1
"1335",46,1010244,248385,1
"1336",46,1006894,248425,1
"1337",49,1022653,248477,0
"1338",49,1025412,248481,1
"1339",46,1011009,248494,0
"1340",48,1015193,248585,2
"1341",49,1020666,248607,0
"1342",49,1024683,248692,0
"1343",49,1023770,248694,0
"1344",49,1020435,248705,1
"1345",48,1014610,248711,0
"1346",49,1024770,248740,0
"1347",46,1007213,248747,3
"1348",45,1030920,248748,0
"1349",49,1023190,248766,0
"1350",46,1010257,248767,1
"1351",49,1020740,248779,0
"1352",46,1009345,248793,0
"1353",46,1011960,248837,1
"1354",46,1009699,248848,1
"1355",49,1023365,248873,1
"1356",48,1014039,248920,1
"1357",46,1011141,248995,3
"1358",49,1021087,249005,1
"1359",49,1023588,249006,0
"1360",46,1011718,249007,1
"1361",46,1008702,249016,7
"1362",46,1008988,249034,0
"1363",48,1012327,249083,1
"1364",49,1027161,249085,1
"1365",49,1025370,249101,1
"1366",48,1012107,249138,2
"1367",46,1009428,249139,1
"1368",46,1007640,249147,1
"1369",45,1029703,249171,1
"1370",48,1013623,249192,0
"1371",49,1023157,249219,0
"1372",48,1013555,249233,0
"1373",49,1020703,249316,0
"1374",46,1007071,249381,1
"1375",46,1010643,249400,2
"1376",49,1027317,249427,0
"1377",49,1022722,249445,0
"1378",49,1024371,249469,1
"1379",46,1011314,249478,1
"1380",46,1010717,249520,1
"1381",48,1016391,249523,1
"1382",45,1032031,249526,0
"1383",49,1022405,249542,1
"1384",49,1022406,249562,0
"1385",49,1022947,249579,0
"1386",45,1032243,249594,0
"1387",48,1016143,249617,0
"1388",49,1024121,249630,0
"1389",49,1020830,249724,5
"1390",49,1020600,249736,0
"1391",49,1024060,249744,0
"1392",49,1021632,249745,2
"1393",46,1012116,249791,3
"1394",49,1024024,249804,0
"1395",46,1010464,249805,0
"1396",49,1022671,249820,1
"1397",49,1021630,249843,1
"1398",49,1021371,249849,1
"1399",46,1006269,249855,1
"1400",49,1021111,249855,1
"1401",49,1020567,249866,1
"1402",48,1016247,249898,1
"1403",48,1015996,249910,1
"1404",48,1016540,249911,1
"1405",48,1014698,249918,2
"1406",48,1016269,249937,1
"1407",46,1008278,249953,1
"1408",49,1020541,249976,0
"1409",46,1010596,249993,0
"1410",46,1009315,249995,5
"1411",49,1024838,250002,0
"1412",49,1021631,250007,0
"1413",49,1021637,250007,0
"1414",48,1016586,250022,1
"1415",49,1022419,250051,1
"1416",49,1027641,250071,1
"1417",46,1009372,250078,0
"1418",49,1022939,250092,0
"1419",46,1009376,250095,1
"1420",49,1023839,250110,1
"1421",46,1010365,250117,1
"1422",49,1020503,250117,0
"1423",46,1010130,250235,0
"1424",46,1012336,250274,0
"1425",49,1021121,250311,0
"1426",49,1020444,250325,2
"1427",49,1027756,250339,0
"1428",48,1015355,250352,2
"1429",46,1010531,250355,0
"1430",46,1009563,250359,0
"1431",46,1009792,250362,3
"1432",49,1021126,250378,0
"1433",46,1010541,250380,0
"1434",48,1014381,250399,1
"1435",46,1009305,250411,2
"1436",46,1007824,250419,1
"1437",49,1023350,250424,0
"1438",49,1021381,250432,0
"1439",49,1021121,250463,1
"1440",49,1021642,250472,1
"1441",48,1014431,250474,0
"1442",46,1007648,250488,0
"1443",45,1031310,250495,1
"1444",49,1023017,250501,1
"1445",46,1009656,250502,1
"1446",48,1014672,250512,1
"1447",48,1014098,250530,0
"1448",46,1011842,250535,0
"1449",49,1020385,250537,0
"1450",49,1023566,250552,0
"1451",48,1014314,250555,1
"1452",46,1009127,250597,0
"1453",49,1021648,250603,0
"1454",49,1021128,250615,0
"1455",49,1020848,250624,1
"1456",46,1011087,250709,0
"1457",46,1008817,250725,3
"1458",49,1021388,250730,0
"1459",49,1021134,250733,0
"1460",48,1015735,250750,0
"1461",46,1008855,250770,1
"1462",48,1013322,250792,1
"1463",45,1030460,250793,1
"1464",49,1024988,250798,1
"1465",49,1023987,250799,0
"1466",49,1020575,250835,0
"1467",46,1009601,250841,0
"1468",49,1021911,250860,0
"1469",49,1021652,250884,0
"1470",49,1023151,250905,2
"1471",49,1020857,250907,1
"1472",49,1021658,250923,0
"1473",49,1025214,250928,1
"1474",49,1024265,250968,1
"1475",48,1016684,251041,0
"1476",46,1010405,251053,0
"1477",49,1020854,251064,2
"1478",48,1014465,251092,1
"1479",49,1020586,251092,0
"1480",46,1009217,251104,0
"1481",46,1010722,251115,2
"1482",46,1007158,251123,1
"1483",49,1020243,251158,0
"1484",48,1015109,251170,0
"1485",49,1021137,251171,2
"1486",49,1021924,251186,0
"1487",49,1021926,251272,0
"1488",49,1021145,251285,1
"1489",46,1011081,251290,0
"1490",46,1012658,251344,2
"1491",46,1007158,251345,1
"1492",49,1023573,251354,0
"1493",49,1023584,251366,0
"1494",46,1011218,251388,1
"1495",49,1020590,251392,0
"1496",46,1012497,251415,1
"1497",49,1021667,251422,5
"1498",46,1011144,251424,0
"1499",49,1022880,251465,0
"1500",49,1022709,251466,1
"1501",46,1009432,251515,0
"1502",48,1014215,251525,0
"1503",46,1012171,251565,1
"1504",46,1011927,251675,1
"1505",49,1026694,251676,2
"1506",46,1011264,251679,2
"1507",46,1012246,251792,0
"1508",46,1011653,251798,1
"1509",49,1020407,251804,0
"1510",49,1021853,251873,1
"1511",49,1021902,251875,0
"1512",49,1020884,251882,0
"1513",46,1011699,251892,0
"1514",49,1022482,251894,0
"1515",48,1013914,251916,1
"1516",48,1013466,251920,0
"1517",49,1019941,251968,1
"1518",49,1021417,252011,0
"1519",49,1019953,252059,0
"1520",46,1010273,252117,2
"1521",46,1010604,252117,0
"1522",49,1021420,252127,0
"1523",52,1010565,252137,0
"1524",49,1020884,252147,0
"1525",46,1012643,252165,1
"1526",49,1020604,252199,0
"1527",48,1014367,252206,1
"1528",49,1020854,252209,0
"1529",49,1021168,252210,0
"1530",49,1019966,252223,1
"1531",52,1010939,252250,1
"1532",52,1010639,252289,1
"1533",49,1020890,252289,0
"1534",49,1030748,252305,0
"1535",48,1013688,252366,0
"1536",52,1010674,252373,0
"1537",48,1014739,252382,0
"1538",46,1012457,252402,2
"1539",48,1013706,252402,1
"1540",49,1020947,252471,0
"1541",49,1021286,252474,0
"1542",49,1021332,252474,1
"1543",49,1021171,252475,0
"1544",49,1021471,252477,0
"1545",49,1021431,252479,0
"1546",49,1029295,252483,0
"1547",49,1021695,252485,2
"1548",49,1022491,252500,1
"1549",52,1010321,252539,0
"1550",52,1010293,252545,0
"1551",49,1026732,252554,0
"1552",49,1025761,252565,0
"1553",46,1011694,252606,0
"1554",46,1012783,252612,1
"1555",52,1009530,252627,0
"1556",49,1028253,252629,1
"1557",48,1014366,252640,1
"1558",46,1013514,252646,4
"1559",52,1010518,252663,1
"1560",46,1013634,252666,0
"1561",48,1014195,252682,1
"1562",49,1020011,252684,1
"1563",49,1023309,252693,3
"1564",49,1020618,252705,0
"1565",46,1011460,252711,0
"1566",46,1013559,252718,0
"1567",46,1013900,252723,2
"1568",46,1012830,252768,3
"1569",48,1013968,252807,2
"1570",49,1023311,252810,1
"1571",46,1011207,252824,1
"1572",52,1011207,252824,2
"1573",46,1011787,252854,1
"1574",49,1028783,252938,0
"1575",52,1010939,252948,0
"1576",52,1010905,252967,1
"1577",49,1023825,253051,0
"1578",49,1023648,253055,0
"1579",49,1023045,253069,0
"1580",49,1023132,253070,0
"1581",49,1023164,253070,1
"1582",49,1022869,253076,0
"1583",49,1022763,253078,0
"1584",49,1022711,253079,0
"1585",49,1022225,253087,0
"1586",49,1021965,253093,0
"1587",49,1021445,253106,1
"1588",49,1021095,253114,1
"1589",49,1020699,253124,1
"1590",49,1020049,253137,0
"1591",49,1023632,253189,0
"1592",52,1011060,253221,0
"1593",48,1014295,253237,1
"1594",52,1014295,253237,1
"1595",49,1023633,253238,1
"1596",49,1028534,253260,1
"1597",52,1013888,253284,0
"1598",52,1008368,253290,2
"1599",52,1014187,253299,1
"1600",49,1023616,253347,0
"1601",52,1013641,253380,1
"1602",49,1023611,253400,0
"1603",49,1022229,253423,0
"1604",52,1011167,253424,0
"1605",49,1020066,253433,0
"1606",49,1020636,253468,0
"1607",52,1014316,253469,1
"1608",52,1011202,253486,1
"1609",46,1012469,253491,0
"1610",52,1012721,253539,0
"1611",49,1030098,253588,0
"1612",52,1011276,253604,1
"1613",52,1010992,253610,1
"1614",52,1013521,253712,2
"1615",52,1012311,253724,2
"1616",49,1023511,253739,5
"1617",52,1014828,253744,1
"1618",49,1022758,253753,0
"1619",52,1012238,253772,1
"1620",49,1021459,253786,1
"1621",49,1021201,253791,1
"1622",49,1020565,253801,0
"1623",49,1020641,253803,0
"1624",52,1011117,253835,0
"1625",52,1014631,253884,1
"1626",52,1011450,253901,0
"1627",49,1028024,253925,3
"1628",49,1020641,253933,0
"1629",49,1020086,253942,2
"1630",52,1014181,253947,0
"1631",49,1029064,253963,0
"1632",49,1020927,253964,0
"1633",52,1011483,253970,0
"1634",45,1033546,253977,2
"1635",49,1023396,254026,0
"1636",49,1020929,254055,0
"1637",49,1023070,254059,1
"1638",52,1014391,254061,0
"1639",52,1012276,254082,1
"1640",49,1030155,254101,0
"1641",49,1021211,254104,0
"1642",45,1033297,254111,0
"1643",52,1011619,254114,0
"1644",52,1014313,254123,3
"1645",52,1011583,254138,0
"1646",52,1013135,254261,0
"1647",49,1029854,254326,1
"1648",52,1010894,254355,0
"1649",52,1013989,254388,1
"1650",52,1012854,254438,0
"1651",52,1013912,254446,0
"1652",52,1011473,254455,0
"1653",45,1033522,254480,1
"1654",52,1012886,254495,0
"1655",49,1027340,254538,0
"1656",49,1027298,254542,3
"1657",49,1026777,254554,2
"1658",52,1009562,254560,1
"1659",49,1029512,254578,0
"1660",49,1020091,254579,1
"1661",49,1020207,254580,0
"1662",49,1025458,254582,0
"1663",49,1022259,254586,0
"1664",49,1020765,254596,0
"1665",49,1020937,254605,1
"1666",49,1021219,254612,1
"1667",49,1021634,254628,0
"1668",49,1021739,254628,1
"1669",49,1021793,254632,0
"1670",49,1023340,254632,0
"1671",49,1021999,254635,0
"1672",49,1023080,254638,2
"1673",49,1028824,254647,0
"1674",49,1020445,254657,0
"1675",49,1020943,254703,0
"1676",49,1020443,254721,1
"1677",49,1025722,254724,0
"1678",49,1026517,254724,1
"1679",45,1038144,254732,2
"1680",49,1020938,254757,0
"1681",49,1025199,254758,0
"1682",49,1021745,254768,1
"1683",49,1021740,254787,1
"1684",52,1014132,254794,0
"1685",49,1021746,254799,2
"1686",49,1024947,254799,0
"1687",52,1011964,254800,0
"1688",49,1020667,254814,0
"1689",52,1013465,254827,1
"1690",49,1022001,254827,0
"1691",49,1020088,254847,1
"1692",49,1021488,254898,1
"1693",52,1015129,254924,2
"1694",49,1022004,254964,1
"1695",52,1013169,255021,0
"1696",49,1020793,255022,0
"1697",49,1020948,255023,1
"1698",52,1014575,255027,0
"1699",49,1020669,255027,0
"1700",52,1013585,255031,1
"1701",49,1020439,255033,0
"1702",49,1020260,255034,0
"1703",52,1015653,255036,0
"1704",49,1020081,255042,0
"1705",49,1022731,255047,1
"1706",49,1022761,255080,3
"1707",49,1020674,255106,0
"1708",49,1020947,255115,0
"1709",49,1020081,255155,0
"1710",49,1020081,255162,0
"1711",49,1020075,255169,0
"1712",49,1020948,255170,0
"1713",49,1020949,255191,1
"1714",45,1033464,255191,0
"1715",52,1015853,255202,1
"1716",49,1020426,255228,0
"1717",49,1022920,255248,1
"1718",49,1020423,255276,1
"1719",49,1020429,255277,0
"1720",49,1020423,255290,0
"1721",52,1014200,255298,0
"1722",49,1020072,255299,0
"1723",49,1020951,255300,0
"1724",49,1020422,255304,1
"1725",49,1020952,255314,0
"1726",52,1013013,255316,0
"1727",52,1014172,255322,0
"1728",52,1012627,255339,0
"1729",52,1011459,255366,0
"1730",49,1027726,255386,0
"1731",49,1026005,255387,0
"1732",49,1025737,255394,0
"1733",52,1012358,255398,0
"1734",52,1012311,255412,0
"1735",52,1013076,255434,0
"1736",49,1023097,255451,0
"1737",49,1022019,255478,1
"1738",49,1021759,255484,0
"1739",52,1012067,255486,2
"1740",52,1013845,255488,3
"1741",49,1021687,255489,0
"1742",49,1021239,255496,0
"1743",49,1021308,255497,0
"1744",49,1020959,255501,0
"1745",49,1026005,255505,0
"1746",52,1014934,255507,1
"1747",49,1020538,255508,0
"1748",49,1020679,255508,2
"1749",49,1020625,255512,0
"1750",49,1020596,255513,0
"1751",49,1020414,255514,0
"1752",49,1026005,255515,0
"1753",49,1020317,255519,0
"1754",49,1020070,255522,2
"1755",50,1011918,255536,0
"1756",50,1011614,255632,0
"1757",52,1011614,255632,1
"1758",52,1016387,255639,2
"1759",52,1011559,255652,0
"1760",52,1016919,255652,0
"1761",47,1028534,255654,0
"1762",49,1020070,255661,1
"1763",52,1014728,255667,0
"1764",50,1011516,255676,0
"1765",49,1021241,255695,0
"1766",49,1024702,255696,0
"1767",49,1027837,255726,0
"1768",45,1033599,255737,0
"1769",52,1014004,255759,0
"1770",52,1013301,255804,1
"1771",49,1021243,255807,0
"1772",50,1011268,255820,1
"1773",52,1014523,255826,0
"1774",50,1012037,255843,0
"1775",52,1014058,255845,1
"1776",45,1030806,255847,0
"1777",49,1020964,255891,2
"1778",49,1020965,255947,0
"1779",52,1016781,255955,1
"1780",45,1032798,255966,1
"1781",49,1022027,255968,0
"1782",45,1031335,255986,0
"1783",45,1031599,256023,1
"1784",45,1032514,256048,0
"1785",49,1025747,256056,0
"1786",49,1025362,256061,0
"1787",49,1025563,256063,0
"1788",49,1025423,256066,0
"1789",49,1025232,256067,0
"1790",49,1025160,256072,0
"1791",49,1024974,256073,2
"1792",52,1014193,256083,0
"1793",49,1024460,256086,0
"1794",47,1023632,256105,1
"1795",49,1020973,256159,0
"1796",52,1013560,256165,1
"1797",47,1028069,256195,0
"1798",50,1011659,256199,0
"1799",49,1024466,256225,1
"1800",49,1024460,256247,1
"1801",47,1022039,256249,0
"1802",49,1027071,256249,1
"1803",49,1024460,256252,0
"1804",52,1013945,256276,1
"1805",49,1025748,256288,2
"1806",52,1014403,256319,1
"1807",47,1021521,256323,0
"1808",47,1026959,256328,2
"1809",50,1011740,256343,1
"1810",52,1015459,256345,1
"1811",47,1020976,256373,1
"1812",47,1029573,256473,1
"1813",52,1014148,256519,0
"1814",50,1010830,256547,0
"1815",52,1013661,256573,0
"1816",52,1014225,256575,1
"1817",49,1026527,256614,0
"1818",52,1018231,256615,1
"1819",45,1031946,256631,0
"1820",52,1018316,256674,3
"1821",49,1025137,256699,2
"1822",49,1024640,256710,3
"1823",49,1025615,256711,0
"1824",49,1024472,256716,0
"1825",49,1024067,256724,0
"1826",49,1025759,256737,0
"1827",47,1022308,256766,0
"1828",52,1016392,256767,0
"1829",49,1026309,256768,0
"1830",47,1021790,256778,0
"1831",49,1026280,256783,1
"1832",47,1021529,256784,1
"1833",47,1021270,256789,0
"1834",47,1021309,256791,1
"1835",47,1020990,256795,0
"1836",47,1020048,256819,1
"1837",47,1027822,256866,0
"1838",50,1012516,256867,0
"1839",50,1012301,256930,0
"1840",50,1011283,257004,1
"1841",52,1015266,257035,0
"1842",49,1025769,257044,0
"1843",52,1015885,257090,0
"1844",50,1010987,257093,0
"1845",49,1025592,257115,1
"1846",52,1017973,257159,1
"1847",47,1028511,257162,0
"1848",52,1017085,257207,1
"1849",52,1010613,257211,1
"1850",49,1024478,257224,0
"1851",49,1025261,257260,0
"1852",47,1028743,257260,0
"1853",52,1014781,257293,0
"1854",50,1011372,257413,0
"1855",50,1010729,257421,0
"1856",50,1010370,257479,0
"1857",47,1024728,257479,0
"1858",52,1015477,257492,1
"1859",47,1029431,257556,2
"1860",47,1026104,257594,0
"1861",52,1017650,257603,1
"1862",50,1010451,257637,0
"1863",47,1022178,257672,1
"1864",47,1024208,257697,0
"1865",50,1010111,257703,0
"1866",47,1024965,257717,2
"1867",52,1015558,257727,1
"1868",52,1017634,257744,1
"1869",47,1021014,257846,1
"1870",47,1025137,257892,1
"1871",47,1025162,257918,1
"1872",50,1009226,257932,0
"1873",50,1008839,257949,0
"1874",47,1027084,257998,1
"1875",47,1029792,258031,1
"1876",52,1015334,258069,1
"1877",50,1009366,258080,1
"1878",47,1021418,258099,2
"1879",47,1021324,258111,1
"1880",52,1015357,258128,0
"1881",47,1021019,258157,1
"1882",47,1020811,258203,2
"1883",47,1020419,258211,1
"1884",47,1020115,258215,0
"1885",47,1025542,258276,0
"1886",50,1009595,258311,0
"1887",47,1025008,258317,0
"1888",50,1010735,258323,1
"1889",47,1025475,258401,0
"1890",47,1025764,258418,0
"1891",47,1024502,258528,0
"1892",47,1021072,258544,1
"1893",47,1026239,258629,0
"1894",47,1024914,258636,0
"1895",52,1017669,258649,1
"1896",52,1018391,258671,1
"1897",52,1018643,258683,2
"1898",47,1026479,258732,0
"1899",50,1010967,258763,0
"1900",47,1024602,258763,0
"1901",52,1017510,258766,2
"1902",50,1010010,258769,0
"1903",47,1025255,258770,3
"1904",47,1022703,258775,0
"1905",52,1014764,258803,0
"1906",47,1021546,258806,0
"1907",47,1029009,258817,1
"1908",50,1011845,258825,0
"1909",50,1006982,258890,0
"1910",50,1011089,258944,0
"1911",47,1026987,258957,1
"1912",45,1031792,258969,1
"1913",47,1025246,258998,2
"1914",47,1021743,259013,1
"1915",47,1026662,259028,1
"1916",47,1020901,259062,0
"1917",47,1023166,259089,2
"1918",52,1017552,259117,0
"1919",47,1025477,259153,1
"1920",50,1007069,259193,1
"1921",50,1010051,259219,0
"1922",47,1029929,259221,0
"1923",47,1027301,259296,1
"1924",47,1023263,259322,0
"1925",47,1028711,259348,0
"1926",47,1022515,259363,0
"1927",47,1025348,259365,1
"1928",45,1032869,259372,0
"1929",47,1021380,259391,1
"1930",52,1016958,259397,0
"1931",47,1024880,259406,2
"1932",47,1025880,259416,2
"1933",45,1032199,259445,0
"1934",50,1012010,259448,1
"1935",50,1006438,259459,0
"1936",47,1027833,259469,0
"1937",47,1024149,259500,0
"1938",50,1010580,259508,1
"1939",50,1009407,259527,0
"1940",52,1018074,259543,2
"1941",50,1010442,259600,0
"1942",47,1027599,259600,1
"1943",47,1022527,259623,1
"1944",47,1026683,259645,1
"1945",50,1008469,259647,0
"1946",52,1018242,259664,2
"1947",45,1032524,259709,2
"1948",47,1021973,259718,1
"1949",50,1012052,259739,2
"1950",52,1017713,259756,5
"1951",47,1023456,259785,0
"1952",47,1025086,259804,2
"1953",50,1011507,259810,0
"1954",52,1016145,259815,1
"1955",50,1010085,259829,0
"1956",47,1022555,259849,1
"1957",50,1009999,259896,0
"1958",50,1008539,259911,1
"1959",47,1025168,259971,0
"1960",47,1022066,260003,2
"1961",47,1024364,260008,0
"1962",50,1008888,260037,0
"1963",47,1023563,260040,1
"1964",50,1011711,260087,0
"1965",47,1022660,260115,0
"1966",50,1006565,260151,0
"1967",47,1021600,260152,0
"1968",45,1032117,260155,1
"1969",50,1012119,260167,0
"1970",52,1016328,260188,0
"1971",52,1016476,260192,1
"1972",52,1017932,260254,1
"1973",47,1022992,260281,1
"1974",47,1023670,260297,1
"1975",50,1012002,260305,0
"1976",45,1032047,260313,1
"1977",47,1022770,260371,0
"1978",50,1010693,260394,0
"1979",50,1007099,260441,0
"1980",47,1021874,260446,1
"1981",47,1026075,260446,0
"1982",47,1025423,260470,1
"1983",47,1021891,260484,0
"1984",47,1031314,260486,0
"1985",50,1011122,260515,1
"1986",50,1009991,260544,0
"1987",47,1023777,260554,2
"1988",47,1021485,260564,1
"1989",45,1033129,260577,0
"1990",47,1022238,260590,0
"1991",47,1022227,260595,1
"1992",47,1022873,260630,0
"1993",47,1021971,260705,1
"1994",47,1030727,260716,0
"1995",50,1011281,260827,4
"1996",45,1032099,260860,0
"1997",47,1030392,260869,0
"1998",47,1025631,260879,1
"1999",47,1022979,260887,4
"2000",47,1024831,261020,1
"2001",52,1016855,261049,0
"2002",47,1026681,261058,1
"2003",47,1023992,261067,0
"2004",52,1016550,261104,1
"2005",45,1032682,261112,0
"2006",47,1026533,261139,1
"2007",47,1023086,261145,0
"2008",50,1011463,261170,0
"2009",50,1009043,261182,0
"2010",47,1026430,261196,1
"2011",50,1012322,261204,0
"2012",47,1025801,261217,1
"2013",47,1022187,261218,4
"2014",47,1026385,261221,1
"2015",50,1011503,261262,0
"2016",47,1030296,261286,0
"2017",47,1023463,261291,2
"2018",47,1026801,261320,0
"2019",50,1008440,261359,0
"2020",47,1026697,261377,1
"2021",47,1026667,261394,0
"2022",47,1026040,261410,3
"2023",47,1026014,261424,0
"2024",47,1025927,261467,0
"2025",47,1022294,261475,0
"2026",47,1026520,261475,0
"2027",50,1011613,261493,0
"2028",47,1026413,261527,2
"2029",47,1022782,261576,1
"2030",47,1022757,261580,2
"2031",47,1022655,261622,1
"2032",47,1032194,261627,2
"2033",50,1007514,261667,0
"2034",52,1017794,261708,0
"2035",47,1026053,261714,0
"2036",47,1026075,261750,1
"2037",50,1011722,261759,1
"2038",47,1026947,261773,1
"2039",47,1025193,261774,0
"2040",47,1026950,261778,0
"2041",47,1032077,261778,0
"2042",47,1027056,261788,0
"2043",52,1017607,261810,1
"2044",47,1021234,261812,3
"2045",50,1011750,261839,0
"2046",47,1027535,261847,0
"2047",47,1027101,261850,0
"2048",47,1026815,261916,4
"2049",47,1026834,261958,1
"2050",50,1009141,261960,0
"2051",47,1027383,261982,6
"2052",47,1022508,261990,1
"2053",47,1026201,262002,0
"2054",47,1027560,262032,0
"2055",50,1011835,262043,0
"2056",47,1024422,262096,1
"2057",47,1031838,262101,1
"2058",47,1027217,262102,0
"2059",47,1027154,262130,1
"2060",47,1027164,262131,1
"2061",47,1025062,262134,2
"2062",47,1026274,262148,1
"2063",47,1027109,262156,0
"2064",47,1027094,262171,1
"2065",47,1023518,262173,1
"2066",47,1027077,262181,0
"2067",47,1027059,262191,0
"2068",47,1026305,262216,2
"2069",50,1008035,262220,0
"2070",47,1027007,262220,7
"2071",47,1030309,262227,0
"2072",47,1022616,262246,0
"2073",47,1026927,262254,1
"2074",47,1026897,262273,3
"2075",50,1011945,262283,0
"2076",47,1026817,262300,0
"2077",47,1027534,262305,0
"2078",47,1026815,262308,1
"2079",50,1009960,262309,0
"2080",47,1021715,262322,1
"2081",47,1026701,262349,0
"2082",47,1025971,262352,0
"2083",47,1026637,262376,0
"2084",52,1017925,262388,0
"2085",50,1007287,262411,0
"2086",47,1026555,262417,1
"2087",47,1026415,262426,1
"2088",47,1027402,262428,0
"2089",47,1023626,262429,1
"2090",50,1010757,262480,0
"2091",50,1008221,262484,0
"2092",52,1017978,262492,1
"2093",47,1027294,262498,0
"2094",47,1022722,262502,0
"2095",47,1027271,262510,0
"2096",47,1027248,262521,0
"2097",47,1027202,262542,1
"2098",47,1027129,262567,1
"2099",50,1008543,262577,0
"2100",50,1010425,262579,1
"2101",47,1023258,262579,1
"2102",47,1026870,262580,0
"2103",47,1028068,262584,1
"2104",50,1009918,262591,2
"2105",47,1026937,262597,1
"2106",47,1028062,262605,1
"2107",47,1024637,262611,1
"2108",47,1022451,262619,1
"2109",47,1023133,262631,1
"2110",47,1022380,262643,4
"2111",47,1022338,262660,0
"2112",47,1023736,262685,0
"2113",47,1028037,262690,1
"2114",47,1028031,262712,0
"2115",47,1026541,262718,2
"2116",47,1022835,262759,2
"2117",47,1030898,262777,0
"2118",47,1028006,262797,0
"2119",50,1009829,262808,0
"2120",47,1021929,262836,1
"2121",47,1027275,262862,0
"2122",47,1024017,262867,0
"2123",47,1027326,262872,0
"2124",50,1009799,262887,0
"2125",47,1030611,262929,2
"2126",47,1027627,262933,0
"2127",47,1023842,262943,0
"2128",47,1027949,263005,2
"2129",47,1022937,263018,1
"2130",47,1028198,263042,1
"2131",47,1022956,263056,1
"2132",47,1028980,263076,1
"2133",47,1022037,263092,0
"2134",47,1023472,263095,1
"2135",47,1027115,263151,1
"2136",47,1022567,263169,0
"2137",47,1023290,263172,0
"2138",47,1023951,263200,0
"2139",47,1023199,263210,1
"2140",47,1023047,263277,0
"2141",47,1028649,263292,0
"2142",50,1012345,263323,1
"2143",47,1024959,263383,1
"2144",50,1008332,263449,0
"2145",47,1024057,263457,0
"2146",47,1023152,263533,0
"2147",47,1027767,263627,0
"2148",47,1028007,263698,2
"2149",47,1027202,263734,1
"2150",50,1007988,263855,0
"2151",47,1025175,263899,1
"2152",47,1022116,263965,0
"2153",47,1024267,263976,0
"2154",47,1022463,264124,1
"2155",47,1023090,264164,1
"2156",50,1008523,264183,0
"2157",47,1028387,264188,1
"2158",47,1024102,264344,0
"2159",50,1008581,264357,0
"2160",47,1025921,264524,2
"2161",47,1022923,264534,1
"2162",47,1023684,264797,0
"2163",47,1023213,264991,0
"2164",47,1022884,265132,1
"2165",47,1024381,265139,1
"2166",50,1009120,265157,0
"2167",47,1021972,265517,1
"2168",47,1018222,265545,1
"2169",50,1012477,265627,0
"2170",47,1021596,265653,0
"2171",50,1012807,265661,0
"2172",47,1026828,265933,2
"2173",47,1027073,266004,2
"2174",47,1021001,266076,1
"2175",47,1027332,266080,1
"2176",47,1028043,266287,1
"2177",47,1025380,266521,0
"2178",47,1026919,266544,1
"2179",47,1025582,266579,3
"2180",47,1024530,266641,4
"2181",47,1023326,266681,1
"2182",47,1023908,266726,1
"2183",47,1024229,266796,2
"2184",47,1027060,267011,1
"2185",47,1023783,267024,1
"2186",50,1012689,267071,0
"2187",47,1027526,267147,2
"2188",47,1021510,267159,2
"2189",47,1024887,267203,1
"2190",47,1023332,267253,1
"2191",47,1023783,267503,1
"2192",47,1026624,267514,1
"2193",47,1026891,267592,0
"2194",47,1024155,267642,1
"2195",47,1027599,267686,0
"2196",47,1026563,267763,0
"2197",47,1024834,267794,3
"2198",47,1026968,267880,4
"2199",47,1025287,267952,1
"2200",47,1027468,268025,0
"2201",47,1027985,268176,0
"2202",47,1028198,268238,0
"2203",47,1024763,268265,0
"2204",47,1026825,268362,1
"2205",47,1026269,268394,1
"2206",47,1027075,268434,0
"2207",47,1025621,268476,5
"2208",47,1025333,268625,1
"2209",50,1010797,268640,0
"2210",47,1028096,268726,0
"2211",47,1026318,268868,0
"2212",47,1025485,268872,1
"2213",50,1010146,268893,0
"2214",47,1027085,268915,2
"2215",47,1024564,269092,2
"2216",47,1026402,269112,1
"2217",50,1011694,269180,0
"2218",47,1025882,269298,1
"2219",47,1026202,269448,2
"2220",50,1012582,269489,2
"2221",50,1011295,269581,0
"2222",47,1026019,269581,0
"2223",50,1012846,269924,2
"2224",50,1012377,269947,1
"2225",50,1012081,270023,0
"2226",50,1011381,270157,0
"2227",50,1010876,270261,0
"2228",50,1012832,270697,0
"2229",50,1011504,270764,0
"2230",50,1012272,270794,0
"2231",50,1012414,271485,0
