"","xcoord","ycoord","pforce","rf_furt","rf_bulg","rf_knowl","rf_verbl","rf_rfcmp","rf_vcact","rf_attir","rf_othsw","rf_vcrim"
"1",1008008,230875,1,1,0,0,0,0,0,0,1,1
"2",1007586,232186,5,4,1,2,0,3,0,2,1,0
"4",1006325,232446,1,1,0,0,0,0,0,0,1,0
"5",1005737,232459,1,0,0,0,0,0,0,0,0,0
"12",1007409,232728,2,4,2,0,0,0,0,1,1,0
"13",1007921,232776,1,2,2,0,0,0,1,1,0,0
"14",1007300,232787,6,5,0,0,0,2,0,1,1,0
"15",1006227,232807,1,1,1,1,0,0,0,0,0,0
"22",1008448,233098,1,0,0,0,0,1,0,0,0,0
"24",1006696,233124,2,2,1,0,0,0,0,0,1,0
"25",1006627,233163,5,5,4,1,0,4,0,1,0,0
"26",1008091,233195,1,0,0,0,0,0,0,0,1,0
"29",1006858,233363,1,0,0,0,0,0,0,0,0,0
"32",1005518,233495,1,0,0,0,0,0,0,0,0,0
"33",1006611,233503,4,0,1,0,0,0,0,5,0,1
"36",1003125,233611,1,1,0,0,0,1,0,0,0,0
"37",1006832,233697,1,0,0,0,0,0,0,0,0,1
"41",1003890,233799,1,0,0,1,0,0,0,0,0,0
"43",1014779,233849,1,1,0,0,0,0,0,0,0,0
"45",1004670,233870,1,1,0,0,0,0,0,0,0,0
"46",1004677,233884,1,1,0,0,0,0,0,0,1,0
"50",1008391,233929,1,0,0,0,0,0,0,0,0,1
"51",1005803,233948,1,0,0,0,0,0,0,0,0,0
"52",1015553,234006,2,0,0,0,0,0,0,0,0,2
"55",1005035,234048,1,0,2,0,0,0,0,1,1,1
"57",1004980,234079,3,0,1,0,0,0,1,1,1,1
"61",1003844,234231,1,1,0,0,0,0,0,0,0,0
"64",1014691,234266,1,0,0,0,0,0,0,0,0,1
"66",1004197,234339,1,0,0,0,0,1,0,0,0,0
"67",1004972,234409,2,1,0,0,0,0,1,0,1,0
"68",1015467,234421,2,3,0,0,0,0,0,0,0,0
"70",1007816,234513,1,0,0,0,0,0,0,0,0,1
"73",1004735,234545,1,1,0,0,0,0,0,0,0,0
"74",1005904,234618,1,0,0,0,0,0,0,0,0,1
"75",1010316,234759,3,3,0,0,0,3,0,0,0,3
"76",1005984,234768,1,1,0,0,0,0,0,0,1,0
"79",1005826,234852,5,0,0,0,0,0,0,0,5,0
"80",1006897,234868,1,1,1,0,0,0,1,0,0,0
"81",1023793,234871,1,0,0,0,0,0,0,0,1,0
"82",1005796,234876,16,9,4,2,0,2,1,3,16,0
"83",1004723,234880,1,0,0,0,0,0,0,0,1,0
"84",1007245,234932,4,1,0,0,0,0,0,0,3,0
"85",1005615,234976,2,3,1,0,0,1,2,0,3,0
"86",1016951,234993,1,0,0,0,0,0,0,0,1,0
"88",1004801,235061,1,1,0,0,0,2,1,1,1,0
"90",1004031,235132,3,3,0,0,0,0,3,0,0,0
"91",1010774,235171,2,0,0,0,0,0,0,0,1,2
"94",1010889,235211,1,0,0,0,0,0,0,0,0,1
"95",1010695,235228,4,0,0,0,0,0,0,0,0,4
"97",1008029,235232,1,0,0,0,0,1,0,0,0,0
"99",1012939,235240,2,0,0,0,0,0,1,0,0,2
"101",1005099,235260,1,1,0,0,1,1,0,0,1,0
"103",1009612,235269,1,0,0,0,0,0,0,0,1,0
"104",1011596,235271,2,0,0,0,0,0,0,2,0,0
"105",1005462,235283,4,6,1,1,0,1,0,1,4,0
"107",1006647,235287,1,1,0,0,0,0,0,0,0,0
"108",1005148,235290,1,0,0,0,0,0,0,0,1,0
"110",1006043,235317,1,1,1,1,0,0,0,2,0,0
"111",1006054,235318,6,2,0,0,0,1,0,0,6,0
"112",1007405,235318,1,0,0,0,0,0,0,0,1,0
"116",1005225,235349,1,2,2,0,0,1,1,0,0,1
"119",1015281,235364,3,0,0,0,0,0,1,0,2,0
"121",1005266,235370,1,0,0,0,0,0,0,0,0,1
"124",1005889,235408,1,0,0,0,0,0,0,0,2,0
"125",1005870,235411,3,2,0,0,0,0,0,2,3,1
"126",1009926,235436,1,1,0,0,0,0,0,0,0,0
"127",1007561,235440,1,0,0,0,0,0,0,0,0,0
"128",1023791,235443,2,0,0,0,0,0,0,0,2,0
"130",1005373,235449,3,6,0,0,0,0,0,0,1,2
"131",1011532,235453,1,0,0,1,0,0,0,0,0,1
"135",1009545,235536,1,0,0,0,0,0,0,0,1,0
"138",1004847,235563,2,7,0,1,0,5,1,0,1,0
"139",1009419,235573,2,0,0,1,0,0,0,0,0,1
"140",1010511,235588,1,0,0,0,0,0,0,0,1,0
"142",1011917,235599,1,1,0,0,0,0,0,0,0,1
"143",1009105,235656,1,1,1,0,0,0,0,0,0,0
"146",1007039,235672,1,0,0,0,0,0,0,0,0,0
"147",1005927,235693,1,0,0,0,0,0,0,0,0,0
"149",1005526,235713,2,2,1,0,0,2,0,0,1,0
"150",1005525,235726,2,0,1,0,0,0,0,1,2,0
"153",1005852,235778,2,2,0,0,0,0,2,0,0,1
"156",1008661,235809,1,0,0,0,0,0,0,0,0,1
"160",1007237,235855,2,0,0,0,0,0,0,0,2,0
"162",1007180,235883,1,0,0,0,0,0,0,0,0,1
"163",1014904,235891,1,0,0,0,0,0,0,0,1,0
"164",1015972,235899,1,1,0,0,0,1,0,0,0,1
"166",1005414,235909,2,1,1,1,0,0,0,0,1,1
"168",1008958,235918,3,5,0,0,0,2,1,0,4,2
"169",1012375,235939,1,0,0,2,0,0,0,0,0,0
"171",1007684,235949,1,0,0,0,0,0,0,0,0,1
"172",1008345,235949,10,0,2,0,1,6,0,0,1,0
"174",1012006,235961,2,3,0,1,0,0,0,0,2,0
"175",1008261,235983,2,0,1,0,0,1,0,0,0,0
"176",1005080,235987,1,0,0,0,0,0,0,0,0,0
"177",1008214,236003,2,0,1,0,0,1,0,0,0,0
"180",1005969,236034,2,1,0,0,0,2,0,0,0,0
"184",1015672,236043,2,0,0,0,0,0,0,0,1,0
"185",1021253,236044,1,1,0,0,0,1,0,0,2,2
"186",1005124,236060,2,8,1,0,0,3,0,1,0,0
"187",1005321,236062,1,1,0,0,0,1,0,0,2,0
"188",1008085,236066,1,0,0,0,0,1,0,0,0,0
"189",1006298,236078,1,1,1,0,0,0,0,0,0,1
"192",1005922,236101,2,1,1,0,0,0,0,0,2,1
"193",1012143,236104,2,0,0,0,0,0,0,0,0,1
"194",1007980,236112,2,0,1,0,0,0,0,1,1,0
"197",1006742,236129,1,0,0,0,0,1,0,0,0,0
"198",1015651,236135,1,0,1,0,0,0,0,0,0,0
"199",1005275,236138,1,0,1,0,0,0,0,0,1,0
"200",1007246,236142,1,0,1,0,0,0,0,0,0,0
"201",1011927,236162,1,0,0,0,0,1,0,0,0,1
"202",1011656,236164,1,1,1,0,0,1,0,0,0,0
"204",1008446,236174,1,0,0,0,0,1,0,0,0,0
"205",1008448,236188,2,1,0,0,0,1,0,0,0,0
"208",1009308,236215,3,1,0,0,0,0,1,0,1,0
"209",1013587,236221,2,2,0,1,0,0,0,1,1,0
"211",1005827,236235,9,11,4,1,0,2,0,1,8,1
"212",1010146,236240,2,0,1,0,0,0,0,0,0,2
"214",1010970,236246,5,0,0,1,0,1,0,0,1,4
"215",1009603,236248,1,0,0,0,0,0,0,0,1,0
"216",1011897,236250,1,1,0,0,0,1,0,0,0,1
"218",1008159,236283,2,0,0,0,0,0,0,1,2,0
"220",1015360,236298,1,0,1,0,0,1,0,0,0,1
"222",1010705,236317,3,3,0,0,0,0,0,0,0,0
"223",1013469,236318,1,0,0,0,0,0,0,0,0,1
"224",1011208,236324,1,0,3,0,0,0,0,0,0,0
"225",1015345,236344,3,0,0,0,0,0,0,0,3,0
"226",1015612,236356,1,1,1,0,0,0,0,0,0,1
"227",1010533,236370,15,6,3,0,1,3,0,0,8,0
"228",1012354,236375,1,0,0,0,0,0,0,0,1,1
"229",1012720,236376,2,2,0,0,0,1,0,2,0,0
"233",1005956,236414,1,3,1,0,0,0,4,0,2,1
"236",1021486,236447,1,1,0,0,0,0,0,0,1,0
"237",1033362,236468,3,0,0,0,0,3,0,0,3,0
"238",1007288,236469,2,0,0,0,0,0,0,0,1,0
"240",1007923,236489,1,0,0,0,0,0,0,0,0,0
"241",1007237,236500,1,0,1,0,0,0,0,0,0,0
"244",1013195,236529,1,0,0,0,0,1,0,0,0,1
"245",1004819,236531,1,1,0,0,0,0,0,0,0,0
"246",1012149,236535,2,2,1,0,0,0,0,0,0,0
"248",1009898,236541,6,1,0,3,0,0,0,1,5,0
"249",1009404,236559,1,1,0,0,1,1,0,1,0,1
"251",1008881,236572,1,0,0,0,0,0,0,0,1,0
"253",1009519,236589,3,0,0,0,0,0,0,0,1,0
"255",1007034,236608,3,0,0,0,0,0,0,0,4,2
"256",1024768,236634,1,0,0,0,0,1,0,0,0,1
"262",1009649,236655,6,3,0,1,0,3,1,0,1,1
"264",1006896,236657,5,0,0,0,0,2,0,0,3,0
"265",1013906,236686,3,0,0,0,0,0,0,0,0,3
"266",1009702,236693,2,0,1,1,0,0,2,0,1,1
"267",1011944,236695,2,0,0,0,0,0,0,0,0,2
"269",1011097,236699,1,1,0,0,0,0,0,0,0,0
"270",1014198,236718,1,1,0,1,0,0,0,1,1,0
"272",1006659,236730,1,0,0,0,0,0,0,0,0,0
"273",1010513,236730,3,1,0,0,0,0,0,0,1,1
"275",1020951,236734,1,0,0,0,0,0,0,0,1,0
"276",1029379,236734,1,0,0,0,1,0,0,0,1,0
"277",1020983,236740,1,0,0,0,0,0,0,0,0,0
"279",1009776,236758,5,0,0,0,0,1,0,0,6,1
"281",1021112,236769,1,1,0,0,0,1,0,0,0,1
"282",1004119,236771,1,1,0,0,0,0,0,0,0,0
"284",1006520,236780,1,1,0,0,0,0,1,0,1,0
"286",1015784,236790,2,0,0,0,0,0,0,0,0,2
"287",1014956,236797,1,0,0,0,0,0,0,0,0,1
"290",1012361,236812,1,0,0,0,0,0,0,0,0,1
"291",1005538,236831,1,2,2,0,0,0,0,0,0,0
"293",1007097,236856,14,1,1,0,0,0,0,2,2,0
"294",1011730,236862,1,0,0,0,0,0,0,0,0,1
"296",1033190,236863,2,1,0,0,0,2,0,0,0,1
"297",1008715,236871,1,0,0,0,0,1,0,0,0,1
"298",1015505,236876,3,0,0,0,0,0,1,0,1,3
"299",1009935,236881,3,0,0,0,0,0,0,1,4,0
"300",1015222,236887,2,0,0,0,0,0,0,0,0,0
"301",1006150,236909,1,1,0,0,0,0,0,0,0,0
"302",1015721,236922,3,0,0,0,0,0,0,0,0,3
"303",1015760,236927,2,4,1,0,0,0,0,0,0,0
"304",1026406,236930,2,1,0,0,0,0,0,0,2,3
"305",1011173,236934,4,4,0,0,0,0,0,0,0,0
"307",1015862,236951,2,2,0,0,0,0,0,0,0,0
"308",1015192,236953,1,0,0,0,0,0,0,0,0,1
"310",1016015,236979,2,1,0,3,0,0,0,1,2,0
"311",1026699,236982,2,1,0,0,0,1,0,0,1,1
"313",1014135,236990,1,2,1,0,0,0,0,0,0,1
"315",1012582,237004,1,0,0,0,0,0,0,0,1,2
"316",1021385,237016,1,0,0,0,0,0,0,0,2,0
"317",1010531,237018,4,3,0,0,0,1,0,0,4,0
"323",1010146,237049,3,1,0,0,0,0,0,0,3,2
"325",1010528,237067,3,2,1,0,0,1,0,0,6,2
"327",1008779,237080,1,0,0,0,0,1,1,1,0,0
"328",1005630,237083,4,1,0,0,0,0,0,0,4,2
"330",1033677,237089,2,0,0,0,0,2,0,0,0,0
"333",1010322,237186,1,1,0,0,0,0,0,0,1,0
"334",1012339,237198,1,1,0,0,0,1,0,0,0,1
"336",1005243,237211,1,0,1,0,0,0,0,0,0,0
"337",1005251,237214,1,0,0,0,0,0,0,0,1,0
"338",1015069,237227,1,2,0,0,0,1,0,2,1,0
"340",1013413,237253,1,0,1,0,0,0,0,0,0,0
"342",1009408,237258,2,0,2,0,0,0,0,0,0,0
"343",1013777,237270,1,1,0,0,0,0,0,0,0,0
"344",1015297,237270,1,0,0,0,0,0,0,1,0,0
"345",1013490,237351,1,0,0,0,0,0,0,0,1,0
"346",1014420,237363,1,0,0,0,0,0,0,1,0,0
"347",1010102,237402,1,0,0,0,0,0,0,0,1,0
"348",1007207,237413,1,0,0,0,0,0,0,0,0,0
"350",1015921,237431,1,0,0,1,0,0,0,0,0,0
"351",1009957,237442,2,0,1,0,0,0,0,0,4,0
"352",1026355,237456,1,0,0,1,0,0,0,0,1,0
"353",1006994,237486,1,0,0,0,0,0,0,0,1,0
"354",1026355,237490,2,1,0,0,0,0,0,0,2,1
"355",1006977,237492,1,0,0,0,0,0,0,0,1,0
"356",1006767,237505,1,0,0,0,0,0,0,0,0,0
"357",1009763,237506,1,0,0,1,0,0,0,0,0,1
"360",1004369,237509,3,1,1,0,0,2,0,1,1,2
"362",1011922,237529,3,0,0,0,0,1,0,0,3,1
"364",1014927,237541,1,1,0,1,0,1,0,1,1,0
"367",1025717,237597,1,0,0,0,0,0,0,0,0,0
"368",1025740,237607,1,0,0,0,0,0,0,0,1,0
"369",1015354,237626,1,0,0,0,0,0,0,0,1,1
"373",1013013,237638,1,0,0,0,0,0,0,0,1,0
"376",1015532,237659,2,0,1,1,0,0,1,0,1,1
"378",1008072,237702,4,3,0,0,0,0,0,0,4,3
"379",1007898,237708,1,0,0,0,0,0,0,0,0,0
"383",1007056,237732,1,0,0,0,0,0,0,0,1,0
"384",1011259,237768,1,0,0,0,0,0,0,0,0,1
"385",1026706,237776,4,1,0,0,0,1,0,0,0,4
"387",1009006,237800,1,0,0,0,0,0,0,0,0,1
"390",1013847,237812,1,1,0,0,0,1,1,0,0,1
"391",1014776,237838,2,1,1,0,0,0,0,0,1,2
"392",1004489,237844,1,0,0,1,0,0,0,0,1,0
"395",1015574,237866,4,0,0,1,0,0,0,0,0,0
"396",1008739,237873,1,1,0,0,0,0,0,0,0,0
"397",1015571,237881,2,1,1,1,0,0,0,0,0,1
"399",1026283,237895,1,0,0,0,0,0,0,0,0,0
"402",1011485,237929,1,2,0,1,0,0,0,0,1,3
"403",1006908,237935,12,8,0,0,0,0,1,1,6,1
"404",1006476,237941,7,4,0,1,0,0,0,3,5,0
"408",1008563,237960,1,0,0,0,0,0,0,0,1,0
"409",1006346,237986,6,3,0,0,0,0,0,0,2,0
"410",1026259,237993,1,0,0,1,0,0,0,0,1,2
"411",1014000,238004,2,0,0,0,0,0,0,0,0,0
"412",1012618,238010,1,0,0,0,0,0,0,0,0,0
"414",1015007,238046,1,1,0,0,0,0,0,0,0,0
"415",1006150,238054,2,1,0,0,0,0,0,0,3,0
"418",1013695,238085,8,4,1,0,0,1,1,0,0,9
"419",1014062,238085,1,0,0,0,0,0,0,0,0,0
"421",1013013,238095,1,1,0,1,0,0,0,0,0,0
"425",1034348,238134,1,1,0,0,0,1,1,0,0,1
"426",1009491,238137,1,0,0,0,0,0,0,0,1,0
"427",1018497,238147,2,0,2,0,0,1,0,0,0,0
"428",1013041,238156,1,0,0,0,0,0,0,0,1,0
"429",1014468,238156,7,6,0,2,1,2,0,3,6,4
"431",1024755,238220,1,0,0,0,0,0,0,0,1,0
"432",1015223,238229,2,0,0,1,0,0,0,1,1,1
"433",1007887,238238,1,0,0,0,0,0,0,0,1,5
"435",1026217,238260,1,1,2,2,0,0,0,0,3,1
"436",1008695,238265,1,1,0,0,0,1,0,0,0,0
"437",1013849,238288,1,2,0,0,0,0,0,0,0,0
"438",1013068,238289,1,0,0,0,0,1,0,0,1,0
"439",1007592,238302,1,0,1,0,0,0,0,0,2,0
"444",1025698,238382,2,0,0,0,0,0,0,0,1,0
"446",1013910,238398,5,5,1,0,0,0,4,0,0,3
"448",1013068,238404,3,8,2,4,0,5,6,6,2,6
"449",1025819,238404,3,0,1,0,0,0,0,0,2,0
"452",1012519,238408,2,1,0,0,0,0,0,0,0,1
"454",1015458,238417,1,1,1,0,0,0,0,0,0,2
"455",1016836,238430,1,0,0,1,0,0,0,0,0,1
"456",1012223,238431,1,0,0,1,0,0,0,0,0,2
"458",1014247,238457,1,2,0,0,0,1,0,0,0,3
"459",1012785,238467,2,0,0,0,0,1,0,0,0,0
"461",1009185,238490,1,1,1,0,0,0,0,0,1,0
"462",1021357,238494,4,0,0,0,0,1,0,0,4,0
"468",1012792,238528,1,0,0,0,0,0,0,0,1,0
"470",1006928,238560,4,2,0,0,0,0,0,0,3,0
"471",1021308,238560,2,0,0,0,0,1,0,0,1,0
"472",1016185,238561,5,0,0,0,0,0,0,0,0,5
"474",1010447,238582,4,0,0,0,0,0,0,1,4,0
"475",1025282,238585,2,2,0,0,0,0,0,0,1,0
"476",1006866,238587,1,0,0,0,0,0,0,1,2,1
"478",1014233,238591,2,2,0,0,0,0,0,0,2,0
"479",1014621,238595,2,0,0,0,0,1,1,0,1,2
"482",1010361,238606,1,0,0,0,0,0,0,0,1,0
"484",1006750,238621,4,1,1,0,0,0,0,0,5,0
"487",1011706,238632,1,1,0,0,0,0,0,0,1,0
"488",1013067,238633,1,0,0,0,0,0,0,0,1,0
"489",1007726,238645,3,3,1,0,0,0,4,0,3,1
"490",1012562,238650,1,1,0,0,0,1,0,0,1,0
"491",1006663,238657,1,2,0,0,0,1,0,1,2,0
"492",1006640,238659,2,0,0,0,0,0,0,0,3,0
"495",1013073,238686,1,3,0,0,0,0,0,0,0,2
"497",1014615,238697,1,0,1,0,0,1,0,0,0,1
"498",1022145,238701,1,0,0,0,0,0,0,0,1,0
"499",1006528,238704,2,4,0,1,0,0,0,0,1,0
"500",1033797,238707,1,0,0,0,0,0,0,0,0,1
"501",1006494,238716,1,0,0,0,0,0,0,0,1,0
"502",1010961,238721,4,1,1,0,0,0,0,0,4,0
"503",1012653,238722,1,0,0,0,0,0,0,0,0,0
"504",1007197,238731,9,4,0,2,0,0,1,1,5,6
"505",1032210,238735,3,1,1,0,0,1,0,0,1,1
"507",1014605,238742,6,0,0,0,0,0,1,0,5,5
"509",1013903,238747,1,1,0,0,0,0,0,0,0,0
"510",1015129,238749,2,0,0,3,0,0,0,2,5,0
"512",1012225,238755,1,0,0,0,0,0,0,0,0,1
"513",1033946,238773,1,0,0,0,0,0,1,1,0,0
"518",1012791,238814,4,1,0,0,2,0,0,0,0,1
"520",1007244,238841,1,0,1,0,0,0,0,0,0,0
"523",1025658,238893,2,0,0,0,2,2,2,0,0,0
"524",1013901,238905,2,0,0,0,0,0,0,0,0,2
"525",1006451,238923,7,3,0,0,0,1,2,0,1,1
"527",1004478,238929,1,3,0,0,0,1,0,0,0,0
"528",1007280,238934,1,0,0,0,1,0,0,0,2,2
"531",1008390,239003,1,0,1,0,0,0,0,0,0,0
"533",1014209,239017,1,0,0,0,0,0,1,0,0,1
"535",1006566,239029,1,1,0,0,0,0,0,0,0,0
"538",1008753,239042,1,0,0,0,0,0,0,1,0,0
"541",1033560,239065,1,1,0,1,0,0,1,0,0,1
"542",1007341,239067,1,1,0,0,0,0,0,0,0,0
"543",1010896,239083,2,0,0,0,0,1,0,0,4,1
"544",1006650,239092,3,4,0,0,0,2,1,1,4,0
"546",1022071,239100,1,0,0,0,0,0,1,0,0,1
"547",1010796,239108,1,1,0,0,0,0,0,0,0,0
"548",1032801,239119,1,0,0,1,0,0,0,0,1,0
"550",1010687,239143,2,1,0,0,0,0,0,0,0,0
"551",1020849,239143,1,0,0,0,0,0,0,0,0,0
"552",1014199,239165,4,2,0,0,0,1,0,1,1,1
"554",1021003,239176,1,1,0,0,0,1,1,0,0,0
"555",1014378,239180,2,0,0,0,0,0,0,0,0,2
"556",1004319,239189,1,1,2,0,0,0,0,0,0,0
"558",1006999,239205,7,2,0,1,0,0,0,1,6,0
"560",1014837,239207,1,0,0,0,0,0,0,0,1,0
"564",1011115,239221,1,0,0,0,0,0,0,0,1,0
"567",1021341,239232,1,0,0,0,0,0,0,0,0,0
"569",1015356,239242,1,1,0,0,0,0,0,0,1,0
"570",1012117,239245,4,0,0,0,0,0,0,0,0,4
"572",1010340,239255,1,0,0,0,0,0,0,0,0,1
"573",1021492,239265,1,0,0,0,0,0,0,0,2,0
"576",1021726,239300,2,1,0,0,0,0,0,0,3,2
"577",1011916,239310,1,0,0,2,0,0,0,0,0,1
"579",1013539,239322,1,1,0,0,0,0,0,0,0,0
"580",1021828,239324,1,0,0,0,0,0,0,0,1,0
"581",1012239,239328,1,0,0,0,0,0,0,0,1,0
"583",1004379,239331,1,1,0,0,0,0,0,0,0,0
"585",1010059,239344,2,2,0,0,0,2,2,0,1,0
"587",1012798,239356,1,0,0,0,0,0,0,0,0,0
"588",1022027,239356,1,7,0,0,0,1,0,0,0,0
"593",1012796,239444,2,0,0,0,0,0,0,0,2,2
"598",1004447,239483,1,0,0,0,0,0,0,0,1,0
"599",1007121,239502,4,5,1,1,1,2,1,0,0,1
"600",1014172,239513,1,0,0,0,0,0,0,1,0,0
"605",1009529,239548,2,1,0,0,0,0,0,1,0,0
"606",1013879,239551,2,0,0,0,0,1,0,1,1,1
"607",1007185,239556,3,2,1,1,1,2,0,0,0,1
"609",1023332,239590,1,0,0,1,0,0,0,0,0,0
"612",1014552,239614,2,0,0,0,0,0,0,0,0,2
"614",1014021,239643,1,0,0,0,0,0,0,0,1,0
"615",1014169,239654,3,2,2,1,0,2,0,0,1,0
"616",1012522,239685,2,1,1,0,0,0,0,0,0,2
"617",1013876,239696,2,0,0,0,0,0,0,0,2,0
"620",1008996,239726,1,1,0,0,0,0,0,0,1,0
"622",1014187,239755,1,1,0,0,0,0,1,0,0,0
"623",1014200,239764,1,0,0,0,0,0,0,0,1,0
"624",1014204,239767,1,0,0,0,0,0,0,0,0,1
"625",1033097,239777,2,0,0,0,0,2,0,0,0,2
"626",1018204,239783,1,0,0,0,0,0,0,0,1,0
"627",1011096,239796,1,1,0,0,0,1,0,0,0,0
"628",1011097,239802,3,0,0,0,0,1,0,0,3,0
"630",1020085,239815,1,0,1,0,0,0,0,0,0,0
"631",1020273,239846,1,0,0,0,0,0,0,0,0,1
"633",1014158,239874,1,0,0,1,0,0,1,1,1,0
"634",1010832,239885,7,0,0,0,0,0,0,0,8,0
"635",1020237,239886,1,0,0,0,0,0,0,0,0,1
"637",1020514,239891,1,0,0,0,0,0,0,0,1,0
"638",1004896,239898,1,0,0,0,0,0,1,0,0,0
"640",1020623,239909,1,0,0,0,0,0,0,0,1,0
"642",1020864,239948,2,0,0,0,0,0,0,0,2,0
"645",1009653,239975,1,1,0,0,0,1,0,0,0,0
"646",1014510,239978,1,0,0,0,0,0,0,0,1,0
"649",1014578,240021,1,1,0,0,0,0,0,0,0,0
"650",1035485,240048,1,0,0,0,0,0,0,0,1,0
"651",1025894,240049,2,2,0,0,0,2,0,0,0,0
"652",1021446,240060,1,0,0,0,0,0,0,0,1,0
"653",1020085,240085,3,2,1,0,0,0,0,0,0,0
"654",1010606,240098,1,0,0,0,0,0,0,0,1,0
"657",1014703,240114,2,2,0,1,0,1,0,0,0,0
"659",1021879,240139,1,0,0,0,0,0,0,0,0,0
"663",1015293,240212,2,0,0,0,0,0,0,0,0,2
"665",1015427,240217,1,0,1,0,0,0,0,0,0,0
"666",1005057,240220,1,1,0,0,0,0,0,0,0,1
"667",1015444,240224,1,0,1,0,0,1,0,0,0,0
"669",1017854,240245,1,0,0,0,0,0,0,0,0,1
"670",1014912,240247,2,0,0,0,0,2,0,0,0,0
"672",1004793,240258,2,2,0,0,0,0,0,1,0,0
"673",1009747,240269,1,0,0,0,0,0,0,0,1,1
"675",1018110,240290,1,1,0,0,0,0,0,0,0,1
"676",1006244,240307,1,0,0,0,0,0,0,0,0,1
"679",1011469,240320,1,1,0,0,0,1,1,0,0,0
"684",1011361,240351,4,0,0,0,0,0,0,0,5,0
"685",1007829,240358,1,0,0,0,0,0,0,2,0,2
"687",1016770,240372,1,0,0,0,0,0,0,0,0,0
"691",1011208,240399,2,0,1,0,0,0,0,0,2,0
"692",1010687,240400,1,0,0,0,0,0,0,1,0,0
"693",1009784,240404,2,0,0,0,0,0,0,0,0,2
"694",1018761,240410,1,1,0,0,0,1,0,0,0,0
"695",1011163,240416,1,0,0,0,0,0,0,0,0,1
"696",1012042,240416,1,0,0,0,0,0,0,1,0,0
"698",1020778,240430,1,0,0,0,0,0,0,0,1,0
"699",1005844,240453,4,0,4,0,0,0,0,0,0,4
"701",1015281,240459,2,0,0,0,0,0,0,0,0,2
"702",1017284,240464,1,0,0,0,0,0,0,0,0,0
"703",1019150,240476,2,0,0,0,0,0,1,0,0,0
"705",1015275,240502,1,0,0,0,0,2,0,0,0,0
"708",1014164,240519,1,1,1,0,0,0,0,0,0,1
"709",1013319,240531,1,0,0,0,0,0,0,0,0,0
"713",1012913,240553,1,0,0,0,0,0,0,0,0,0
"714",1021558,240558,1,0,0,0,0,0,0,0,1,0
"716",1019821,240595,1,1,0,1,0,0,0,0,1,0
"719",1033731,240638,2,0,0,0,0,0,0,0,1,2
"720",1020079,240641,1,0,0,0,0,0,0,0,1,1
"722",1014440,240645,1,0,0,0,0,0,1,0,0,1
"724",1005270,240674,1,0,0,0,0,0,0,0,0,0
"726",1021527,240695,2,0,0,0,0,0,0,0,0,0
"727",1020416,240701,3,0,0,0,0,0,0,0,3,0
"729",1014441,240714,2,0,0,0,0,0,0,0,0,2
"731",1020587,240732,2,0,2,0,0,0,0,0,1,1
"734",1020719,240758,1,1,0,0,0,0,0,0,0,1
"735",1020800,240769,1,0,0,0,0,0,0,0,0,0
"736",1013077,240795,1,0,0,0,0,0,0,0,0,1
"737",1021023,240809,2,0,0,0,0,0,0,0,2,0
"738",1013083,240814,1,0,0,0,0,0,0,0,0,0
"744",1004749,240880,3,0,1,0,0,0,0,0,0,0
"745",1022888,240882,1,0,0,0,0,0,0,0,0,0
"747",1006516,240907,2,2,0,0,0,0,0,0,0,0
"748",1021603,240912,3,2,1,0,0,0,0,0,0,0
"750",1021751,240942,1,0,0,0,0,1,0,0,0,0
"751",1015960,240988,4,4,0,0,0,0,0,0,0,0
"752",1025726,241003,1,0,0,0,0,0,0,0,1,0
"753",1008338,241010,1,1,1,0,0,0,0,1,2,1
"754",1014710,241016,1,1,0,0,0,0,0,0,1,0
"756",1010859,241026,3,2,0,0,0,2,0,0,0,0
"760",1006128,241071,1,0,0,0,0,0,0,1,0,1
"765",1017429,241149,1,0,0,0,0,0,0,0,0,0
"766",1012877,241159,1,0,1,0,0,0,0,0,0,0
"769",1017948,241204,1,4,1,0,0,3,0,0,0,1
"770",1007850,241218,3,4,1,1,0,0,0,0,0,3
"771",1008139,241234,1,2,0,0,0,1,0,0,0,0
"772",1018207,241234,1,1,0,0,0,0,0,0,1,0
"773",1012113,241267,1,0,0,1,0,0,0,0,1,0
"775",1007617,241317,2,2,0,0,0,0,0,0,0,2
"777",1019527,241348,1,2,0,0,0,0,0,0,3,0
"778",1025659,241359,1,1,0,0,0,1,0,0,2,0
"781",1007649,241385,2,2,0,0,0,0,0,0,0,0
"782",1019802,241397,1,1,0,0,0,0,0,0,0,0
"785",1018703,241414,1,0,0,0,0,0,0,0,0,0
"786",1007383,241421,1,1,0,1,0,0,0,0,0,1
"789",1020315,241487,1,0,0,0,0,0,0,0,0,0
"790",1009004,241514,3,3,3,0,0,0,0,3,3,0
"791",1006065,241543,1,1,0,0,0,1,0,0,1,0
"792",1018676,241545,1,0,0,1,0,0,0,0,0,0
"793",1007141,241554,3,2,2,0,0,1,0,1,0,3
"794",1008292,241571,1,1,0,0,0,0,0,0,0,1
"795",1032598,241603,1,0,0,0,0,1,1,1,1,1
"796",1009787,241618,1,2,0,0,0,0,0,0,2,0
"797",1025612,241623,1,0,0,0,0,0,0,0,0,0
"800",1003608,241656,2,2,0,0,0,0,0,0,0,0
"801",1008053,241673,2,2,0,0,0,0,0,0,1,0
"804",1008346,241686,3,11,2,3,0,3,2,2,1,0
"807",1019464,241704,1,0,0,0,0,0,0,0,0,0
"808",1012258,241723,1,0,0,0,0,0,1,0,0,1
"809",1014716,241733,1,1,1,0,0,0,0,1,1,1
"810",1014172,241737,1,1,1,0,0,0,0,0,0,1
"811",1006789,241748,1,0,0,0,0,0,0,0,0,0
"812",1007814,241775,6,5,0,3,0,2,0,0,0,2
"813",1006681,241801,1,1,0,0,0,0,0,0,0,0
"815",1012706,241820,1,1,0,0,0,0,0,0,0,0
"818",1018626,241859,1,0,0,0,0,0,0,0,0,0
"819",1008421,241868,2,2,0,0,0,1,1,0,0,2
"820",1007579,241875,2,2,0,0,0,0,0,0,0,1
"822",1010677,241911,2,0,1,0,1,1,0,0,2,1
"823",1007021,241916,1,0,0,0,0,0,0,0,0,1
"826",1008177,241943,2,2,0,0,0,0,1,0,0,0
"828",1024673,241993,1,1,0,0,0,1,0,0,0,0
"830",1030094,242032,1,0,0,0,0,0,0,1,0,0
"832",1008773,242041,2,2,0,1,0,0,0,0,0,3
"834",1022487,242044,2,0,0,0,0,0,0,0,2,0
"835",1008390,242057,1,1,0,0,0,0,0,0,0,1
"836",1003231,242072,2,2,0,0,0,0,0,0,0,0
"837",1006603,242087,1,1,0,0,0,0,1,1,0,0
"839",1023780,242102,1,1,0,0,0,1,0,0,0,1
"843",1007989,242164,1,0,0,0,0,0,0,0,1,0
"844",1010031,242187,1,0,0,0,0,0,0,0,1,1
"846",1011624,242194,1,0,1,0,0,1,0,1,0,0
"847",1003563,242217,1,1,0,1,0,0,0,0,0,0
"848",1008023,242241,1,0,0,0,0,0,0,0,1,2
"849",1006709,242261,3,1,0,0,0,0,0,0,0,0
"850",1003591,242274,5,1,1,0,0,4,0,0,0,0
"851",1006684,242275,2,0,0,0,0,2,0,0,2,0
"853",1018546,242290,1,0,0,0,0,0,0,0,0,1
"854",1008046,242292,6,6,0,0,2,4,0,1,0,0
"856",1007770,242308,4,0,0,2,0,0,0,0,1,1
"857",1011408,242310,8,3,0,4,0,1,0,1,4,4
"858",1021081,242320,1,1,1,0,0,0,0,0,0,0
"859",1018802,242336,3,1,0,0,0,1,0,0,0,1
"861",1006428,242389,3,1,0,1,0,0,0,0,0,2
"862",1012839,242402,1,0,0,0,0,0,1,0,0,0
"863",1009525,242406,1,0,1,0,0,1,0,0,0,0
"865",1011876,242454,2,0,0,0,0,0,0,0,2,0
"866",1019609,242482,1,0,0,1,0,0,0,0,0,0
"867",1010973,242491,1,1,0,0,0,0,0,0,0,1
"868",1008137,242505,1,0,1,0,0,0,1,1,1,0
"869",1007287,242526,1,1,0,0,0,0,0,0,0,1
"870",1007871,242538,1,1,0,0,0,0,0,0,0,1
"871",1031495,242545,1,0,0,0,0,0,1,0,0,1
"872",1017695,242597,1,0,1,0,0,0,0,0,0,0
"873",1008176,242598,1,0,1,1,0,0,0,0,0,0
"875",1012399,242606,1,1,0,0,0,1,0,0,0,0
"876",1007050,242630,1,2,0,1,0,0,1,0,0,1
"877",1010221,242648,4,3,0,1,0,0,0,2,0,1
"883",1024056,242689,1,1,0,0,0,0,0,0,1,0
"884",1010250,242703,1,0,0,0,0,1,0,0,0,0
"886",1003791,242739,1,1,0,0,0,0,0,0,0,0
"887",1003519,242745,1,0,0,1,0,0,0,0,0,1
"888",1005918,242774,1,0,0,0,0,0,0,0,0,1
"889",1009381,242787,1,1,1,0,0,0,0,0,0,0
"893",1009399,242831,1,1,0,0,0,0,1,0,0,0
"894",1010603,242831,1,0,0,0,0,0,0,0,1,0
"895",1012075,242857,1,0,1,0,0,0,0,0,0,0
"896",1004996,242870,1,1,1,0,0,0,1,0,1,0
"897",1010081,242876,1,1,3,1,0,0,0,1,1,0
"898",1008027,242878,1,1,0,0,0,0,0,0,0,1
"900",1008325,242923,2,2,3,0,0,0,0,0,0,0
"901",1025377,242930,2,1,0,0,0,1,0,0,1,1
"902",1007197,242947,1,1,0,0,0,0,0,0,0,1
"904",1010366,242992,1,0,0,0,0,0,0,0,1,0
"905",1004689,243002,2,1,1,0,0,1,0,0,0,0
"906",1003637,243020,4,0,0,0,0,0,0,0,0,4
"907",1009716,243024,1,0,0,0,0,0,0,0,1,0
"908",1008374,243025,1,0,0,0,0,0,0,0,0,1
"910",1007672,243030,3,1,0,0,0,0,0,0,0,0
"912",1009207,243050,1,1,1,0,0,0,0,0,0,0
"913",1015021,243050,1,1,1,0,0,0,0,1,0,0
"915",1018323,243096,1,1,0,0,0,0,0,1,1,0
"916",1004449,243104,1,5,3,1,0,0,3,0,0,1
"917",1007469,243106,1,0,0,0,0,0,0,0,0,1
"918",1018399,243107,1,1,0,0,1,1,0,0,0,0
"919",1003946,243109,1,1,0,0,0,0,0,0,0,1
"920",1009517,243117,1,0,0,0,0,0,0,1,0,0
"922",1018509,243130,1,0,0,0,0,0,0,0,0,0
"925",1007366,243161,1,0,0,0,0,0,0,0,1,0
"926",1004309,243167,7,4,3,0,1,1,2,0,0,2
"927",1007312,243183,2,1,0,0,0,0,1,0,3,1
"928",1010450,243189,1,0,0,0,0,0,0,0,1,1
"929",1004234,243196,1,1,0,0,0,0,0,0,0,0
"930",1018912,243198,1,0,0,0,0,0,0,0,0,0
"931",1009273,243207,3,1,0,0,0,0,1,1,2,1
"932",1017854,243216,1,1,0,0,0,0,0,0,1,0
"934",1010806,243234,5,6,0,0,0,6,0,0,5,0
"936",1012453,243248,2,1,0,0,0,1,1,0,0,0
"937",1004836,243259,3,4,1,0,0,1,0,0,1,0
"938",1025502,243265,1,0,0,0,0,0,0,0,0,0
"939",1010485,243271,3,1,0,0,0,1,0,1,2,0
"940",1010491,243271,2,2,1,0,0,0,0,0,0,0
"942",1004025,243286,4,1,4,1,0,0,0,0,0,0
"944",1003522,243318,2,1,2,0,0,0,0,0,0,1
"945",1007022,243322,1,1,0,0,0,0,1,0,0,0
"946",1019719,243343,1,0,0,0,0,0,0,0,1,0
"948",1003792,243378,3,3,0,0,0,0,1,0,0,2
"950",1006870,243393,1,0,0,0,0,0,0,0,1,1
"951",1017761,243396,1,0,0,0,0,0,0,0,0,0
"952",1020240,243433,1,1,1,0,0,0,0,0,1,0
"953",1010554,243434,2,2,1,0,0,0,0,2,1,2
"954",1004360,243448,2,2,0,0,1,1,0,0,0,0
"955",1009670,243470,1,2,0,1,0,0,0,0,2,1
"956",1022146,243475,1,0,0,0,0,0,0,0,0,0
"958",1009677,243484,3,1,0,0,0,1,0,0,2,0
"959",1007725,243503,2,2,0,0,0,0,0,0,0,0
"960",1008585,243507,2,1,0,1,0,0,0,0,2,0
"961",1004981,243508,1,1,0,0,0,0,0,0,0,0
"962",1010948,243509,5,1,1,1,1,0,0,1,0,1
"964",1034027,243556,1,0,0,0,0,1,0,0,1,1
"966",1018836,243579,2,0,0,0,0,0,0,0,2,1
"967",1003633,243584,1,2,0,0,0,1,0,1,0,0
"969",1017956,243586,1,0,0,0,0,0,0,0,1,0
"971",1009731,243613,3,0,0,0,0,0,0,1,2,0
"972",1004452,243620,1,0,1,0,0,0,0,0,0,1
"973",1015292,243652,1,0,0,0,0,0,0,0,0,1
"975",1004285,243690,2,2,0,2,0,0,0,0,0,0
"976",1025970,243698,3,2,0,0,0,2,2,0,0,2
"977",1005103,243703,1,2,2,0,0,0,1,1,1,2
"979",1008105,243721,1,1,0,1,0,0,0,0,0,1
"980",1004213,243725,1,2,1,0,0,0,0,1,0,0
"982",1034600,243740,2,0,0,0,0,0,0,0,2,0
"983",1014123,243770,1,0,0,0,0,0,0,0,0,1
"985",1011087,243777,1,0,0,0,0,0,0,0,1,0
"986",1010708,243780,1,1,0,0,0,0,0,0,0,0
"991",1003758,243813,1,0,1,0,0,0,0,0,0,0
"992",1003984,243824,1,0,0,0,0,1,0,0,0,0
"993",1011117,243843,2,2,0,1,0,1,1,0,0,2
"994",1007411,243852,2,0,1,0,0,1,0,0,2,0
"997",1009029,243859,1,1,0,0,0,1,0,0,0,0
"998",1013416,243863,1,0,1,0,0,0,0,1,0,0
"999",1005731,243904,1,0,0,0,0,0,0,0,0,1
"1001",1014727,243921,2,0,0,0,0,0,0,0,0,2
"1002",1009873,243953,1,0,0,0,0,0,0,1,0,0
"1003",1004313,243967,1,0,1,0,0,0,0,0,0,0
"1005",1025146,244016,2,1,1,1,0,0,0,0,1,0
"1006",1003931,244041,1,1,1,0,0,1,0,0,1,0
"1007",1007951,244044,3,1,0,0,0,0,0,0,3,0
"1009",1026570,244060,1,1,0,0,0,0,0,0,0,0
"1013",1010829,244080,2,0,0,0,0,0,2,0,0,2
"1015",1009957,244123,3,1,0,0,0,0,0,0,1,1
"1016",1030238,244132,1,0,0,0,0,1,1,0,0,1
"1018",1027377,244151,1,1,0,0,0,0,0,0,1,0
"1019",1015805,244156,1,0,0,0,0,0,0,0,1,0
"1020",1009210,244157,1,0,0,0,0,0,1,0,0,1
"1021",1010868,244171,2,0,0,0,0,0,0,2,0,0
"1022",1026676,244181,8,8,0,0,0,0,4,8,0,8
"1024",1015085,244196,1,1,0,0,1,1,0,0,1,1
"1026",1004076,244229,2,0,3,0,0,0,0,0,0,0
"1028",1026742,244258,3,0,0,0,1,1,0,0,2,1
"1030",1010913,244263,1,0,0,0,0,0,0,0,1,0
"1031",1015568,244263,1,0,0,0,0,0,0,0,1,0
"1032",1008123,244271,2,3,0,1,0,1,0,0,0,2
"1033",1010911,244273,2,0,0,0,0,0,0,2,0,0
"1034",1009255,244278,1,1,0,0,0,0,0,0,0,1
"1035",1005474,244285,1,0,0,0,0,0,0,0,0,0
"1036",1032439,244289,1,0,0,0,0,0,1,1,0,0
"1037",1009713,244297,7,2,0,1,1,1,0,0,4,3
"1038",1019808,244335,1,0,0,0,0,0,0,0,0,0
"1040",1014748,244365,1,0,0,0,0,0,0,0,1,0
"1041",1006286,244384,1,1,0,0,0,0,0,0,0,1
"1042",1026423,244405,1,2,1,0,0,2,0,0,2,0
"1044",1010098,244419,5,4,0,1,0,0,1,0,3,0
"1049",1011930,244473,1,1,1,0,0,0,0,0,0,0
"1051",1004279,244490,2,0,0,0,0,0,2,0,0,0
"1052",1025070,244539,3,0,0,0,0,2,2,0,1,3
"1053",1008769,244547,2,3,2,2,0,1,0,0,2,1
"1054",1007578,244549,1,0,0,0,0,0,0,0,1,1
"1055",1029209,244588,4,0,0,0,0,0,4,4,0,4
"1057",1020710,244616,1,0,0,0,0,0,0,0,0,0
"1058",1028135,244640,1,0,0,0,0,0,1,0,1,1
"1059",1025700,244713,2,2,0,0,0,2,0,0,0,0
"1060",1007239,244716,1,1,0,0,0,0,0,0,0,1
"1062",1020203,244736,1,0,0,1,0,1,0,0,0,0
"1063",1020964,244740,1,1,0,0,0,1,1,0,0,0
"1064",1008360,244745,1,0,0,0,0,0,0,0,1,0
"1065",1026727,244747,1,1,0,0,0,1,0,0,0,0
"1066",1008875,244776,1,0,0,0,0,1,0,0,0,1
"1067",1012069,244810,1,1,0,0,0,1,0,0,0,0
"1068",1006712,244826,1,0,0,0,0,0,0,0,1,0
"1069",1033221,244833,1,0,0,0,0,0,1,0,0,0
"1073",1032422,244903,4,0,0,0,0,4,4,4,0,0
"1074",1006157,244915,2,0,0,0,0,0,0,2,0,2
"1075",1027351,244927,1,1,0,0,0,0,0,0,0,0
"1076",1007374,244940,2,2,0,0,0,0,0,0,2,2
"1077",1030999,244966,1,0,0,0,0,0,0,0,1,0
"1078",1026465,244977,1,0,1,0,0,0,0,0,0,0
"1079",1020953,244991,1,0,0,0,0,0,1,0,0,1
"1080",1007419,245007,1,0,0,0,0,0,0,0,0,0
"1082",1044177,245018,4,0,0,0,0,0,0,0,0,4
"1084",1026992,245049,1,1,1,1,0,1,0,1,0,2
"1085",1021139,245062,1,0,0,0,0,0,1,0,1,0
"1087",1027031,245098,2,1,0,0,0,0,0,0,2,0
"1088",1026579,245113,3,0,0,0,0,0,0,0,3,0
"1090",1007509,245160,1,3,0,0,0,0,2,0,0,2
"1091",1004632,245169,1,1,0,0,0,0,0,1,0,0
"1092",1025557,245193,1,0,0,0,0,0,0,0,0,1
"1094",1010430,245242,4,2,0,0,1,1,1,0,1,0
"1095",1008285,245256,2,1,0,0,0,0,0,0,2,0
"1097",1025458,245278,3,3,0,0,0,0,0,0,0,0
"1099",1026675,245331,1,0,1,0,0,1,1,1,0,1
"1100",1008313,245340,1,1,0,0,0,0,0,0,0,1
"1102",1027267,245362,1,0,0,0,0,0,0,0,0,1
"1103",1017356,245369,1,2,1,0,0,1,0,0,0,0
"1104",1026812,245378,1,0,0,0,0,1,1,0,0,1
"1107",1005981,245427,2,1,2,0,1,0,0,0,1,0
"1109",1026541,245445,1,1,0,0,0,0,0,0,1,0
"1111",1007998,245528,1,1,0,0,0,1,0,0,0,0
"1112",1008734,245544,1,1,0,0,0,0,0,0,0,1
"1113",1025136,245571,2,1,0,0,0,0,0,0,2,0
"1117",1005501,245608,3,0,0,0,0,0,0,3,3,0
"1119",1019444,245654,3,1,1,0,0,0,0,1,5,2
"1120",1008406,245663,1,1,0,0,0,0,0,0,0,1
"1121",1012148,245681,1,0,0,0,0,0,1,0,1,0
"1122",1031360,245699,1,0,1,0,0,0,0,0,0,0
"1124",1031629,245710,1,0,0,0,0,1,0,0,0,1
"1127",1021752,245738,2,2,0,0,0,0,0,0,0,0
"1128",1020546,245739,2,0,2,0,0,0,0,0,0,0
"1129",1020195,245767,1,0,0,0,0,0,0,0,0,1
"1130",1028231,245780,1,0,0,0,0,0,0,1,0,0
"1131",1026792,245826,3,0,0,0,0,0,0,0,0,0
"1132",1020783,245835,4,0,0,0,0,0,0,4,0,0
"1133",1031330,245837,1,1,0,0,0,1,1,0,0,0
"1135",1005044,245866,1,2,1,1,0,1,0,0,0,0
"1140",1021175,245925,1,0,0,0,0,0,0,0,0,1
"1144",1005394,245935,1,0,0,0,0,0,0,0,0,1
"1149",1005133,246020,1,1,0,0,0,0,0,1,0,0
"1155",1005674,246113,2,0,0,0,0,0,0,0,2,1
"1157",1013551,246128,1,0,0,0,1,1,0,0,0,0
"1158",1010527,246151,1,0,0,0,0,0,0,0,1,0
"1159",1024272,246164,1,0,0,0,0,0,0,0,0,0
"1161",1004745,246204,1,1,0,0,0,0,0,0,0,2
"1162",1005825,246210,1,1,1,0,0,0,0,0,0,0
"1163",1005241,246219,1,1,0,0,0,0,0,0,0,1
"1166",1010535,246250,2,2,0,0,0,0,0,0,0,0
"1167",1010869,246272,1,0,1,0,0,0,0,0,0,0
"1170",1017958,246292,1,0,1,0,0,0,0,0,1,1
"1171",1010025,246298,2,1,0,0,0,0,1,0,0,1
"1173",1031654,246310,1,0,0,0,0,0,0,0,1,0
"1174",1005885,246334,1,0,0,0,0,1,0,0,0,0
"1176",1025507,246350,3,0,0,0,0,3,0,0,0,0
"1178",1006947,246405,1,1,0,0,0,0,0,0,0,1
"1180",1010929,246421,2,2,0,0,0,0,0,0,0,2
"1181",1024905,246447,1,0,0,0,0,1,0,0,0,0
"1183",1008612,246492,1,0,0,0,0,0,1,0,0,2
"1184",1029359,246504,1,1,0,0,0,1,1,1,0,1
"1186",1007645,246550,1,1,0,0,0,0,0,0,0,0
"1192",1021208,246602,1,0,1,0,0,0,0,0,0,0
"1193",1020789,246627,2,2,0,1,0,0,0,0,0,0
"1197",1010049,246653,2,2,1,0,1,1,2,0,0,2
"1198",1006375,246656,1,1,0,1,0,0,0,0,0,0
"1201",1005358,246668,1,2,0,0,0,0,2,0,0,0
"1204",1016553,246720,1,1,0,0,0,1,0,0,1,0
"1208",1005297,246796,2,0,0,0,0,0,0,0,2,0
"1209",1006111,246803,3,3,1,0,0,1,0,0,0,2
"1210",1026920,246817,1,0,0,0,0,0,0,0,1,1
"1211",1005538,246818,1,1,0,0,0,0,0,0,0,1
"1212",1017883,246820,1,0,0,0,0,0,0,0,2,0
"1215",1011111,246850,2,2,0,0,0,0,0,1,0,1
"1217",1007902,246875,1,0,0,0,0,0,0,0,0,1
"1218",1022079,246887,1,1,0,0,0,0,0,0,0,0
"1220",1033170,246907,1,0,1,0,0,0,1,0,1,1
"1223",1020525,246946,2,2,1,1,0,0,0,0,1,1
"1226",1016992,247008,1,0,0,0,0,0,0,0,1,0
"1227",1014599,247020,1,0,0,0,0,0,0,0,1,0
"1229",1017518,247040,1,0,0,0,0,0,0,0,1,0
"1230",1009826,247051,2,2,0,0,0,0,0,0,0,2
"1233",1007101,247117,2,1,0,1,0,0,0,0,1,0
"1234",1016809,247125,1,0,0,0,0,0,0,0,0,0
"1235",1020901,247132,1,0,0,0,0,0,0,0,0,1
"1236",1023036,247177,2,0,0,0,0,2,0,0,0,2
"1240",1009834,247208,1,0,0,0,0,0,0,0,0,0
"1242",1017234,247239,1,0,0,0,0,0,0,0,1,0
"1244",1016428,247247,1,1,0,0,0,1,0,0,2,2
"1245",1024922,247275,3,0,3,0,0,0,0,0,0,0
"1249",1025077,247363,1,0,0,0,0,0,0,0,0,0
"1251",1008116,247427,1,0,0,0,0,0,0,0,0,1
"1252",1030904,247429,1,0,0,0,0,0,0,1,0,0
"1253",1021517,247436,2,2,0,0,0,2,0,0,0,0
"1255",1011163,247458,1,0,1,0,0,0,0,0,0,0
"1256",1014131,247458,2,3,1,0,0,2,0,0,0,0
"1258",1024813,247464,1,1,0,0,0,0,0,0,0,0
"1260",1032532,247487,1,1,1,0,1,1,0,1,0,0
"1262",1017410,247507,1,0,0,0,0,1,0,0,0,0
"1266",1030817,247597,2,2,1,0,0,0,1,1,0,1
"1269",1026241,247648,1,0,0,0,0,0,0,0,1,0
"1272",1031725,247668,3,0,2,3,0,2,2,0,1,2
"1275",1031052,247744,2,0,1,2,0,2,2,2,2,2
"1276",1012975,247755,1,1,0,0,0,0,1,0,1,0
"1278",1021421,247782,1,1,1,0,0,0,0,0,0,0
"1279",1021412,247792,1,1,0,0,0,0,0,0,0,0
"1281",1011526,247828,1,0,0,0,0,0,0,0,1,0
"1284",1006998,247894,1,0,0,0,0,1,1,0,0,1
"1286",1030653,247909,3,3,0,3,0,0,0,0,0,0
"1288",1014976,247931,1,0,0,0,0,0,0,0,0,0
"1289",1029855,247945,2,0,0,0,0,0,0,0,2,0
"1290",1024520,247949,1,0,0,0,1,1,0,0,0,0
"1291",1009629,247952,1,0,0,0,0,0,0,0,0,1
"1293",1013611,247977,1,0,1,0,0,0,0,0,0,0
"1295",1020850,247992,1,0,0,0,0,0,0,1,1,0
"1296",1010707,248016,2,1,0,0,0,0,0,0,0,1
"1297",1010638,248020,3,3,2,0,0,1,0,0,0,0
"1298",1014830,248022,1,0,0,0,0,0,0,0,0,0
"1301",1030906,248029,1,0,0,0,0,0,0,1,1,0
"1302",1030110,248042,1,0,1,0,0,0,0,0,0,0
"1304",1014314,248052,1,1,1,0,0,0,0,0,0,0
"1310",1011642,248112,3,3,3,0,0,0,0,1,0,1
"1311",1010911,248140,1,2,0,0,0,0,0,0,2,2
"1312",1021433,248145,1,1,0,0,0,0,0,0,0,0
"1313",1011459,248161,4,0,0,0,0,0,0,0,1,1
"1314",1021567,248183,1,0,0,0,0,1,0,0,0,0
"1317",1022926,248228,1,1,1,0,0,0,0,0,0,0
"1319",1011511,248284,1,1,0,0,0,0,0,0,0,1
"1320",1007436,248286,1,1,1,0,0,0,1,0,1,0
"1322",1024012,248293,2,0,2,0,0,0,0,0,0,0
"1324",1024079,248329,1,0,0,0,0,0,0,0,0,0
"1325",1009219,248333,2,2,0,0,0,0,0,0,0,0
"1326",1030883,248367,1,0,0,0,0,1,1,0,0,1
"1327",1010244,248385,1,2,3,0,0,1,0,0,1,0
"1328",1006894,248425,1,1,1,0,0,0,0,0,0,0
"1330",1025412,248481,1,2,0,0,0,0,0,0,0,0
"1332",1015193,248585,2,2,1,0,0,0,0,0,0,0
"1336",1020435,248705,1,0,0,0,0,1,0,0,0,0
"1339",1007213,248747,3,3,0,0,0,0,0,3,0,0
"1342",1010257,248767,1,1,0,0,0,0,1,0,0,0
"1345",1011960,248837,1,1,0,0,0,0,0,0,0,1
"1346",1009699,248848,1,1,0,0,0,0,0,0,0,0
"1347",1023365,248873,1,1,1,0,0,0,0,0,0,0
"1348",1014039,248920,1,0,0,0,0,0,0,0,1,0
"1349",1011141,248995,3,3,0,0,0,0,0,0,0,1
"1350",1021087,249005,1,1,0,0,0,0,0,0,0,0
"1352",1011718,249007,1,1,1,0,0,0,0,0,0,1
"1353",1008702,249016,7,0,0,7,0,0,7,0,0,7
"1355",1012327,249083,1,0,0,0,0,1,0,0,0,1
"1356",1027161,249085,1,0,0,0,0,0,0,0,0,1
"1357",1025370,249101,1,0,0,0,0,0,0,0,1,0
"1358",1012107,249138,2,0,0,0,0,0,0,0,2,1
"1359",1009428,249139,1,0,0,0,0,0,0,0,0,1
"1360",1007640,249147,1,1,0,0,0,0,0,0,0,0
"1361",1029703,249171,1,0,0,0,0,1,0,0,1,0
"1366",1007071,249381,1,1,1,0,0,1,0,0,0,0
"1367",1010643,249400,2,0,0,2,0,0,0,0,0,0
"1370",1024371,249469,1,0,0,0,0,0,0,0,0,1
"1371",1011314,249478,1,1,1,0,0,0,0,0,0,0
"1372",1010717,249520,1,0,1,0,0,0,0,0,0,0
"1373",1016391,249523,1,0,0,0,0,0,0,0,0,0
"1375",1022405,249542,1,0,0,0,0,0,0,0,1,0
"1381",1020830,249724,5,1,4,0,0,1,0,0,2,0
"1384",1021632,249745,2,0,0,0,0,0,3,3,0,0
"1385",1012116,249791,3,3,1,1,0,2,1,1,1,1
"1388",1022671,249820,1,0,0,0,0,0,0,0,1,0
"1389",1021630,249843,1,1,0,1,0,0,0,0,1,0
"1390",1021371,249849,1,0,0,1,0,0,0,0,0,0
"1391",1006269,249855,1,0,0,0,0,0,0,0,0,1
"1392",1021111,249855,1,0,1,0,0,0,0,0,0,0
"1393",1020567,249866,1,0,1,0,0,0,0,0,0,0
"1394",1016247,249898,1,1,0,0,0,0,0,0,0,1
"1395",1015996,249910,1,1,1,0,0,0,0,1,0,0
"1396",1016540,249911,1,0,1,0,0,0,0,0,0,0
"1397",1014698,249918,2,2,1,0,2,1,2,0,0,0
"1398",1016269,249937,1,0,0,0,0,0,0,0,0,0
"1399",1008278,249953,1,0,1,0,0,0,0,0,0,0
"1402",1009315,249995,5,4,1,0,0,1,0,0,0,3
"1406",1016586,250022,1,0,1,0,0,0,0,0,0,0
"1407",1022419,250051,1,0,1,0,0,0,0,0,0,0
"1408",1027641,250071,1,1,0,0,0,1,0,0,0,0
"1411",1009376,250095,1,1,0,0,0,0,0,0,0,0
"1412",1023839,250110,1,1,0,0,0,0,1,0,0,0
"1413",1010365,250117,1,0,1,0,0,0,0,0,0,0
"1418",1020444,250325,2,2,2,0,0,2,0,0,0,0
"1420",1015355,250352,2,0,0,0,0,0,0,0,0,2
"1423",1009792,250362,3,2,0,1,0,0,3,0,0,3
"1426",1014381,250399,1,0,1,0,0,1,0,0,0,0
"1427",1009305,250411,2,0,0,0,0,0,0,0,2,2
"1428",1007824,250419,1,0,0,1,0,0,0,0,0,1
"1431",1021121,250463,1,1,0,0,0,0,0,0,0,0
"1432",1021642,250472,1,0,0,0,0,0,0,0,1,0
"1435",1031310,250495,1,0,0,0,0,1,0,0,1,0
"1436",1023017,250501,1,1,1,0,0,0,0,0,0,0
"1437",1009656,250502,1,0,0,0,1,0,1,0,0,0
"1438",1014672,250512,1,0,0,0,0,0,0,0,0,1
"1443",1014314,250555,1,0,0,0,0,0,0,0,1,0
"1447",1020848,250624,1,0,0,0,0,1,0,0,1,1
"1449",1008817,250725,3,3,0,0,0,0,0,0,0,0
"1453",1008855,250770,1,1,1,0,0,0,0,0,0,0
"1454",1013322,250792,1,1,0,0,0,0,0,0,1,0
"1455",1030460,250793,1,1,0,0,0,0,1,0,0,1
"1456",1024988,250798,1,1,1,0,0,0,0,0,1,0
"1462",1023151,250905,2,0,2,0,0,0,0,0,0,0
"1463",1020857,250907,1,0,1,0,0,0,0,0,0,0
"1465",1025214,250928,1,1,0,0,0,0,0,0,0,0
"1466",1024265,250968,1,2,0,0,0,0,0,0,1,1
"1469",1020854,251064,2,0,0,0,0,2,0,0,2,2
"1470",1014465,251092,1,0,1,0,0,0,0,0,0,0
"1473",1010722,251115,2,0,0,0,0,0,2,0,0,0
"1474",1007158,251123,1,1,0,0,0,0,1,0,1,0
"1477",1021137,251171,2,0,0,0,0,0,0,0,2,0
"1480",1021145,251285,1,1,0,0,0,1,0,0,0,1
"1482",1012658,251344,2,2,0,0,2,0,0,0,1,0
"1483",1007158,251345,1,0,0,0,0,0,0,0,0,0
"1486",1011218,251388,1,1,0,0,0,0,0,1,0,0
"1488",1012497,251415,1,0,1,0,0,0,0,0,0,0
"1489",1021667,251422,5,5,0,0,0,5,0,0,0,0
"1492",1022709,251466,1,0,0,0,0,1,0,0,0,0
"1495",1012171,251565,1,0,0,0,0,0,0,0,0,1
"1496",1011927,251675,1,0,0,0,0,0,0,0,0,0
"1497",1026694,251676,2,0,1,0,0,0,0,0,0,0
"1498",1011264,251679,2,2,0,0,0,0,0,2,0,2
"1500",1011653,251798,1,1,0,0,0,0,0,0,0,0
"1502",1021853,251873,1,0,0,0,0,0,0,0,1,0
"1507",1013914,251916,1,0,0,0,0,0,0,0,0,1
"1509",1019941,251968,1,0,1,0,0,0,0,0,0,0
"1512",1010273,252117,2,1,0,0,0,1,0,0,2,1
"1517",1012643,252165,1,1,0,0,0,0,0,0,0,0
"1519",1014367,252206,1,0,0,0,0,0,0,0,0,1
"1522",1019966,252223,1,0,0,0,0,0,0,0,0,0
"1523",1010939,252250,1,0,0,0,0,1,0,0,0,0
"1524",1010639,252289,1,0,0,0,0,0,1,0,0,0
"1530",1012457,252402,2,2,0,0,0,0,0,0,0,0
"1531",1013706,252402,1,1,0,0,0,0,0,0,1,0
"1534",1021332,252474,1,3,0,1,0,2,0,1,0,0
"1539",1021695,252485,2,0,0,0,0,0,0,0,0,0
"1540",1022491,252500,1,0,0,1,0,0,0,0,0,1
"1546",1012783,252612,1,2,1,0,0,0,0,0,1,2
"1548",1028253,252629,1,0,0,0,0,1,0,0,0,0
"1549",1014366,252640,1,0,0,0,0,0,0,0,0,1
"1550",1013514,252646,4,1,4,0,0,1,0,0,1,0
"1551",1010518,252663,1,0,0,0,0,0,0,0,0,1
"1553",1014195,252682,1,1,1,0,0,0,0,0,0,0
"1554",1020011,252684,1,0,0,0,0,1,0,0,1,0
"1555",1023309,252693,3,3,2,0,0,2,1,0,0,0
"1559",1013900,252723,2,0,0,0,0,0,0,0,0,4
"1560",1012830,252768,3,0,0,0,0,0,0,0,0,4
"1561",1013968,252807,2,2,0,1,0,1,0,1,1,0
"1562",1023311,252810,1,0,0,1,0,0,0,0,0,0
"1563",1011207,252824,3,2,0,0,0,1,0,1,0,2
"1564",1011787,252854,1,0,0,0,0,0,0,0,1,0
"1567",1010905,252967,1,0,0,0,0,0,0,0,0,0
"1572",1023164,253070,1,0,0,1,0,0,0,0,0,1
"1578",1021445,253106,1,1,0,0,0,0,0,0,0,0
"1579",1021095,253114,1,1,0,0,0,1,0,0,0,0
"1580",1020699,253124,1,0,0,0,0,0,0,0,0,0
"1584",1014295,253237,2,0,1,0,0,0,0,0,2,0
"1585",1023633,253238,1,1,1,0,0,0,0,0,0,0
"1586",1028534,253260,1,0,0,0,0,0,0,0,0,0
"1588",1008368,253290,2,2,0,0,0,0,0,0,0,0
"1589",1014187,253299,1,2,2,0,0,1,1,1,0,2
"1591",1013641,253380,1,1,0,0,0,0,0,0,0,1
"1597",1014316,253469,1,1,0,0,0,1,1,0,1,1
"1598",1011202,253486,1,1,0,0,0,0,0,0,0,0
"1602",1011276,253604,1,1,0,0,0,0,0,0,0,1
"1603",1010992,253610,1,0,0,0,0,0,0,0,0,1
"1604",1013521,253712,2,2,0,0,0,0,0,0,0,0
"1605",1012311,253724,2,0,1,0,0,0,0,0,0,2
"1606",1023511,253739,5,0,0,4,0,0,3,0,1,5
"1607",1014828,253744,1,1,1,0,0,0,1,0,1,1
"1609",1012238,253772,1,1,0,0,0,0,0,0,2,1
"1610",1021459,253786,1,0,1,0,0,0,0,0,0,0
"1611",1021201,253791,1,0,0,1,0,1,1,1,1,1
"1615",1014631,253884,1,1,0,0,0,0,0,0,0,0
"1617",1028024,253925,3,3,0,0,0,0,0,0,0,0
"1619",1020086,253942,2,0,1,0,0,0,0,0,2,0
"1624",1033546,253977,2,0,0,0,1,0,0,0,0,2
"1627",1023070,254059,1,1,1,0,0,1,0,0,0,0
"1629",1012276,254082,1,1,1,0,0,1,0,0,0,0
"1634",1014313,254123,3,2,1,1,0,1,0,0,3,2
"1637",1029854,254326,1,0,0,0,0,0,0,0,1,0
"1639",1013989,254388,1,0,0,0,0,0,0,0,0,0
"1643",1033522,254480,1,0,0,0,0,0,0,0,0,0
"1646",1027298,254542,3,0,3,0,0,0,0,0,0,0
"1647",1026777,254554,2,0,2,0,0,0,0,0,0,0
"1648",1009562,254560,1,0,1,0,0,0,1,0,0,0
"1650",1020091,254579,1,1,0,0,0,0,0,1,0,0
"1655",1020937,254605,1,0,0,1,0,0,0,1,0,1
"1656",1021219,254612,1,1,0,0,0,1,0,0,0,0
"1658",1021739,254628,1,1,1,0,0,0,0,0,0,0
"1662",1023080,254638,2,1,0,0,0,2,0,0,0,3
"1666",1020443,254721,1,0,1,0,0,0,0,0,0,0
"1668",1026517,254724,1,0,0,0,0,1,0,0,0,0
"1669",1038144,254732,2,2,0,0,0,0,2,0,0,2
"1672",1021745,254768,1,0,0,0,0,0,0,0,0,0
"1673",1021740,254787,1,0,0,0,0,1,0,0,4,0
"1675",1021746,254799,2,2,0,0,0,0,0,0,1,3
"1679",1013465,254827,1,1,1,0,0,0,0,0,0,0
"1681",1020088,254847,1,1,0,0,0,1,0,0,0,0
"1682",1021488,254898,1,0,0,0,0,0,0,1,0,0
"1683",1015129,254924,2,1,0,0,0,0,0,0,0,1
"1684",1022004,254964,1,1,0,0,0,1,0,0,0,0
"1687",1020948,255023,1,1,1,1,0,0,0,0,0,1
"1690",1013585,255031,1,1,1,0,0,0,0,0,0,0
"1695",1022731,255047,1,0,0,0,0,0,0,0,0,0
"1696",1022761,255080,3,1,0,0,0,1,2,0,0,2
"1703",1020949,255191,1,0,1,0,0,0,0,0,0,0
"1705",1015853,255202,1,0,0,0,0,0,0,0,0,1
"1707",1022920,255248,1,0,0,0,0,0,0,0,1,0
"1708",1020423,255276,1,0,1,0,0,0,0,0,0,0
"1714",1020422,255304,1,0,2,0,0,0,0,0,0,0
"1727",1022019,255478,1,0,1,0,0,0,0,0,0,0
"1729",1012067,255486,2,2,0,0,0,0,0,0,0,2
"1730",1013845,255488,3,3,1,0,0,0,0,1,2,2
"1736",1014934,255507,1,1,0,0,0,0,1,0,0,1
"1738",1020679,255508,2,1,1,1,0,1,0,0,0,0
"1744",1020070,255522,2,1,3,0,0,0,0,0,1,0
"1746",1011614,255632,1,2,0,0,0,0,0,1,1,0
"1747",1016387,255639,2,2,2,0,0,2,0,0,0,0
"1751",1020070,255661,1,0,0,0,0,0,0,1,1,0
"1759",1013301,255804,1,7,7,0,0,5,0,0,1,3
"1761",1011268,255820,1,0,0,0,0,0,0,0,1,0
"1764",1014058,255845,1,0,0,0,0,0,0,0,0,1
"1766",1020964,255891,2,0,0,2,0,0,0,0,0,0
"1768",1016781,255955,1,1,0,0,0,0,0,0,0,1
"1769",1032798,255966,1,1,0,0,0,0,0,0,0,0
"1772",1031599,256023,1,1,0,0,0,0,0,0,1,0
"1780",1024974,256073,2,0,0,0,0,0,0,0,0,0
"1783",1023632,256105,1,0,0,0,0,0,0,0,0,1
"1785",1013560,256165,1,0,0,0,0,0,0,0,0,1
"1788",1024466,256225,1,0,0,0,0,0,0,0,1,0
"1789",1024460,256247,1,0,1,0,0,1,0,0,1,0
"1791",1027071,256249,1,1,0,0,0,0,0,1,1,0
"1793",1013945,256276,1,1,0,0,0,0,1,0,0,0
"1794",1025748,256288,2,1,1,0,0,0,0,2,2,1
"1795",1014403,256319,1,2,2,1,0,0,0,0,0,0
"1797",1026959,256328,2,0,0,0,0,0,0,0,0,0
"1798",1011740,256343,1,0,0,0,0,0,1,0,0,1
"1799",1015459,256345,1,1,0,0,0,0,0,0,0,1
"1800",1020976,256373,1,0,0,0,0,0,0,0,0,0
"1801",1029573,256473,1,0,0,1,0,0,0,0,0,0
"1805",1014225,256575,1,3,1,0,0,0,1,1,0,2
"1807",1018231,256615,1,0,0,0,0,0,0,0,1,0
"1809",1018316,256674,3,0,3,0,0,0,0,0,0,1
"1810",1025137,256699,2,2,0,0,0,0,0,1,0,0
"1811",1024640,256710,3,1,2,0,0,1,1,0,0,1
"1820",1026280,256783,1,0,2,0,0,0,0,0,0,0
"1821",1021529,256784,1,1,0,0,0,0,0,0,0,0
"1823",1021309,256791,1,0,1,0,0,0,0,0,0,0
"1825",1020048,256819,1,0,0,0,0,0,0,0,1,0
"1829",1011283,257004,1,0,0,1,0,0,0,0,0,0
"1834",1025592,257115,1,1,0,0,0,0,0,0,0,0
"1835",1017973,257159,1,0,0,0,0,0,0,0,0,0
"1837",1017085,257207,1,0,1,0,0,0,0,0,0,0
"1838",1010613,257211,1,0,0,0,0,0,0,0,0,1
"1847",1015477,257492,1,2,0,0,0,0,0,0,0,0
"1848",1029431,257556,2,2,0,0,0,1,0,0,0,0
"1850",1017650,257603,1,0,0,1,0,0,0,0,0,1
"1852",1022178,257672,1,1,0,0,0,1,0,0,0,0
"1855",1024965,257717,2,2,0,0,0,0,0,0,0,0
"1856",1015558,257727,1,0,0,0,0,0,0,0,0,2
"1857",1017634,257744,1,2,0,0,0,0,1,0,0,0
"1858",1021014,257846,1,0,1,0,0,0,0,0,0,0
"1859",1025137,257892,1,0,0,0,0,0,0,0,0,1
"1860",1025162,257918,1,2,0,2,0,0,0,0,0,0
"1863",1027084,257998,1,1,0,0,0,0,0,0,0,0
"1864",1029792,258031,1,1,0,0,0,0,0,0,0,0
"1865",1015334,258069,1,0,0,0,0,0,0,0,0,1
"1866",1009366,258080,1,1,0,0,0,0,0,1,0,0
"1867",1021418,258099,2,1,0,0,0,2,0,0,2,0
"1868",1021324,258111,1,0,0,0,0,0,0,0,0,1
"1870",1021019,258157,1,0,0,1,0,0,1,1,0,0
"1871",1020811,258203,2,0,1,0,0,0,0,0,2,0
"1872",1020419,258211,1,1,0,0,0,0,1,0,0,0
"1877",1010735,258323,1,0,0,0,0,0,0,0,0,1
"1881",1021072,258544,1,0,0,0,0,0,0,0,1,0
"1884",1017669,258649,1,1,0,0,0,1,0,0,0,0
"1885",1018391,258671,1,0,0,0,0,0,0,0,1,0
"1886",1018643,258683,2,0,0,0,0,0,0,0,0,0
"1890",1017510,258766,2,2,0,0,0,2,0,0,0,2
"1892",1025255,258770,3,4,0,0,1,4,0,0,0,2
"1896",1029009,258817,1,0,0,0,0,0,0,0,1,0
"1900",1026987,258957,1,0,0,0,0,0,0,0,0,0
"1901",1031792,258969,1,0,1,0,0,0,1,1,0,1
"1902",1025246,258998,2,2,0,0,0,0,0,0,0,0
"1903",1021743,259013,1,1,0,0,0,0,0,0,0,0
"1904",1026662,259028,1,0,0,0,0,0,0,0,0,0
"1906",1023166,259089,2,2,2,0,0,0,0,0,0,0
"1908",1025477,259153,1,0,0,0,0,0,0,0,1,0
"1909",1007069,259193,1,0,0,0,0,0,0,0,2,0
"1912",1027301,259296,1,0,1,0,0,0,0,0,0,0
"1916",1025348,259365,1,1,0,0,0,0,0,0,0,0
"1918",1021380,259391,1,2,0,0,0,0,0,0,0,0
"1920",1024880,259406,2,0,0,0,0,0,2,0,0,2
"1921",1025880,259416,2,1,2,1,0,0,0,1,0,0
"1923",1012010,259448,1,0,0,0,0,0,1,0,1,1
"1927",1010580,259508,1,1,1,1,0,0,0,0,0,0
"1929",1018074,259543,2,2,0,0,0,2,0,0,2,0
"1931",1027599,259600,1,0,0,0,0,0,0,1,0,0
"1932",1022527,259623,1,4,2,2,0,0,0,0,1,1
"1933",1026683,259645,1,0,0,0,0,1,0,0,0,0
"1935",1018242,259664,2,0,0,0,0,0,0,0,2,0
"1936",1032524,259709,2,2,0,0,0,2,2,0,0,2
"1937",1021973,259718,1,4,0,0,0,0,0,0,0,0
"1938",1012052,259739,2,0,0,0,0,0,0,0,0,3
"1939",1017713,259756,5,0,0,0,0,0,0,0,0,0
"1941",1025086,259804,2,0,0,0,0,0,0,0,0,0
"1943",1016145,259815,1,0,0,0,0,0,0,0,1,1
"1945",1022555,259849,1,0,0,0,0,1,0,0,0,0
"1947",1008539,259911,1,1,0,0,0,0,0,0,0,0
"1949",1022066,260003,2,1,0,0,0,0,1,0,0,2
"1952",1023563,260040,1,1,0,0,0,0,0,0,0,0
"1957",1032117,260155,1,1,0,0,0,0,1,0,0,0
"1960",1016476,260192,1,0,2,0,0,0,0,0,0,0
"1961",1017932,260254,1,0,0,0,0,2,0,0,0,0
"1962",1022992,260281,1,1,0,0,0,0,1,0,0,0
"1963",1023670,260297,1,0,0,0,0,0,0,0,0,1
"1965",1032047,260313,1,0,1,0,0,1,0,0,0,0
"1969",1021874,260446,1,2,0,1,0,1,0,0,0,0
"1971",1025423,260470,1,1,0,0,0,0,1,0,0,0
"1974",1011122,260515,1,2,0,0,0,0,0,0,0,0
"1976",1023777,260554,2,3,1,0,0,1,0,0,0,1
"1977",1021485,260564,1,2,0,0,0,2,0,0,0,0
"1980",1022227,260595,1,1,0,0,0,0,0,0,1,0
"1982",1021971,260705,1,0,0,1,0,0,0,0,0,1
"1984",1011281,260827,4,0,0,0,0,5,0,0,0,0
"1987",1025631,260879,1,1,1,0,0,0,0,1,0,0
"1988",1022979,260887,4,0,0,0,0,0,0,0,0,3
"1989",1024831,261020,1,1,0,0,0,0,0,0,0,0
"1991",1026681,261058,1,0,0,0,0,0,0,0,0,0
"1993",1016550,261104,1,0,0,0,0,0,0,0,0,1
"1995",1026533,261139,1,0,0,0,0,0,0,0,1,0
"1999",1026430,261196,1,0,0,0,0,0,0,0,1,0
"2001",1025801,261217,1,1,0,0,0,0,0,0,1,0
"2002",1022187,261218,4,3,0,1,0,1,0,1,0,1
"2003",1026385,261221,1,0,0,0,0,0,0,0,1,0
"2006",1023463,261291,2,2,0,0,0,0,0,0,0,0
"2009",1026697,261377,1,0,0,0,0,0,0,0,2,0
"2011",1026040,261410,3,0,0,0,0,0,0,0,3,0
"2017",1026413,261527,2,1,1,0,0,1,0,0,1,0
"2018",1022782,261576,1,0,0,0,0,0,0,0,0,1
"2019",1022757,261580,2,0,0,0,0,0,0,0,0,2
"2020",1022655,261622,1,1,0,0,0,0,0,0,0,0
"2021",1032194,261627,2,0,0,0,0,0,0,0,0,2
"2025",1026075,261750,1,0,0,0,0,0,0,0,1,0
"2026",1011722,261759,1,1,0,0,0,0,0,0,1,1
"2027",1026947,261773,1,0,0,0,0,0,0,0,1,0
"2032",1017607,261810,1,1,0,0,0,0,0,0,1,0
"2033",1021234,261812,3,0,0,0,0,0,0,0,0,3
"2037",1026815,261916,4,1,1,0,0,0,0,0,7,0
"2038",1026834,261958,1,0,0,0,0,1,0,0,0,0
"2040",1027383,261982,6,2,0,0,0,0,0,2,6,0
"2041",1022508,261990,1,1,0,0,0,0,1,0,0,0
"2045",1024422,262096,1,1,0,1,0,0,0,0,0,0
"2046",1031838,262101,1,0,1,0,0,0,0,0,0,1
"2048",1027154,262130,1,0,0,0,0,0,0,0,1,0
"2049",1027164,262131,1,1,0,0,0,0,0,0,1,0
"2050",1025062,262134,2,0,0,0,0,0,2,0,0,2
"2051",1026274,262148,1,1,0,0,0,0,0,0,0,0
"2053",1027094,262171,1,0,0,0,0,0,0,0,1,0
"2054",1023518,262173,1,1,1,0,0,0,0,1,0,1
"2057",1026305,262216,2,0,0,0,1,0,0,0,0,1
"2059",1027007,262220,7,0,0,0,0,2,2,0,5,0
"2062",1026927,262254,1,0,1,0,0,0,0,0,0,0
"2063",1026897,262273,3,0,0,0,0,0,0,0,3,1
"2067",1026815,262308,1,0,0,0,0,0,0,0,2,0
"2069",1021715,262322,1,0,0,1,0,0,0,0,0,1
"2075",1026555,262417,1,1,0,0,0,0,0,0,0,0
"2076",1026415,262426,1,0,0,0,0,0,0,0,0,1
"2078",1023626,262429,1,1,1,0,0,0,0,0,0,0
"2081",1017978,262492,1,1,1,0,0,0,0,0,0,1
"2086",1027202,262542,1,1,0,1,0,1,1,0,0,0
"2087",1027129,262567,1,0,0,0,0,0,0,0,0,0
"2089",1010425,262579,1,0,0,1,0,0,0,0,0,0
"2090",1023258,262579,1,0,0,0,0,0,0,0,1,0
"2092",1028068,262584,1,1,2,0,0,0,0,0,1,0
"2093",1009918,262591,2,0,0,0,0,0,0,0,2,0
"2094",1026937,262597,1,0,0,0,0,0,0,0,1,0
"2095",1028062,262605,1,0,0,0,0,0,0,0,0,0
"2096",1024637,262611,1,0,1,0,0,0,0,0,0,0
"2097",1022451,262619,1,0,0,0,0,0,0,0,1,0
"2098",1023133,262631,1,0,0,0,0,1,0,0,0,0
"2099",1022380,262643,4,2,0,4,0,0,0,1,0,0
"2102",1028037,262690,1,0,0,0,0,0,0,0,1,0
"2104",1026541,262718,2,0,0,0,0,0,0,0,2,0
"2105",1022835,262759,2,1,1,0,0,0,0,1,0,1
"2109",1021929,262836,1,1,0,1,0,0,0,0,0,1
"2114",1030611,262929,2,2,0,0,0,2,0,0,0,0
"2117",1027949,263005,2,1,0,0,0,1,0,0,0,0
"2118",1022937,263018,1,0,0,0,0,0,0,1,0,0
"2119",1028198,263042,1,0,1,0,0,0,0,0,0,1
"2120",1022956,263056,1,1,0,0,0,0,0,0,0,1
"2121",1028980,263076,1,0,0,0,0,0,0,0,1,0
"2123",1023472,263095,1,2,1,0,0,1,0,0,1,0
"2124",1027115,263151,1,1,0,1,0,1,0,1,1,1
"2128",1023199,263210,1,0,0,0,0,0,0,0,1,0
"2131",1012345,263323,1,0,0,0,0,0,0,0,1,0
"2132",1024959,263383,1,5,0,0,0,0,0,0,1,0
"2137",1028007,263698,2,2,0,0,0,0,0,0,0,1
"2138",1027202,263734,1,1,0,0,0,0,0,0,0,1
"2140",1025175,263899,1,0,0,0,0,0,0,0,0,1
"2143",1022463,264124,1,0,0,1,0,0,0,0,1,0
"2144",1023090,264164,1,0,0,1,1,1,0,0,0,0
"2146",1028387,264188,1,1,0,0,0,0,0,0,0,0
"2149",1025921,264524,2,2,0,0,0,1,0,1,0,0
"2150",1022923,264534,1,0,0,0,0,0,0,0,1,0
"2153",1022884,265132,1,0,0,0,0,0,0,0,0,1
"2154",1024381,265139,1,1,0,0,0,0,0,0,0,0
"2156",1021972,265517,1,1,0,0,0,0,0,0,0,0
"2157",1018222,265545,1,0,0,0,0,0,1,0,0,0
"2161",1026828,265933,2,2,0,0,0,0,0,0,0,0
"2162",1027073,266004,2,2,0,0,0,0,0,0,0,0
"2163",1021001,266076,1,1,0,0,0,0,0,0,0,1
"2164",1027332,266080,1,0,0,1,0,1,0,0,0,0
"2165",1028043,266287,1,0,0,0,0,0,0,1,0,0
"2167",1026919,266544,1,1,0,0,0,0,0,0,0,0
"2168",1025582,266579,3,1,0,0,0,1,0,0,0,2
"2169",1024530,266641,4,1,2,1,0,0,0,1,0,1
"2170",1023326,266681,1,1,0,0,0,0,0,1,0,0
"2171",1023908,266726,1,0,0,1,0,0,0,0,0,0
"2172",1024229,266796,2,1,0,0,0,0,0,1,0,0
"2173",1027060,267011,1,0,0,0,0,1,0,0,0,1
"2174",1023783,267024,1,0,0,0,0,0,0,0,0,1
"2176",1027526,267147,2,0,0,0,0,0,1,1,0,2
"2177",1021510,267159,2,2,0,0,0,0,2,0,0,0
"2178",1024887,267203,1,2,0,0,0,0,0,0,0,0
"2179",1023332,267253,1,1,0,0,0,0,0,0,0,0
"2180",1023783,267503,1,0,0,0,0,1,0,0,0,0
"2181",1026624,267514,1,0,0,0,0,0,0,1,1,0
"2183",1024155,267642,1,0,0,0,0,0,0,0,0,0
"2186",1024834,267794,3,0,0,2,0,0,0,0,0,0
"2187",1026968,267880,4,0,0,0,0,0,2,2,0,2
"2188",1025287,267952,1,1,0,0,0,0,0,0,0,0
"2193",1026825,268362,1,1,1,0,0,0,0,1,0,0
"2194",1026269,268394,1,1,1,0,0,0,0,0,0,0
"2196",1025621,268476,5,1,0,2,0,1,0,0,0,3
"2197",1025333,268625,1,2,0,0,0,0,0,0,0,0
"2201",1025485,268872,1,0,0,0,0,0,0,0,0,1
"2203",1027085,268915,2,0,0,0,0,0,0,0,1,0
"2204",1024564,269092,2,0,0,0,0,0,2,0,0,0
"2205",1026402,269112,1,2,0,0,0,0,0,1,0,1
"2207",1025882,269298,1,2,0,0,0,0,0,0,0,0
"2208",1026202,269448,2,2,0,0,0,0,1,1,2,2
"2209",1012582,269489,2,1,0,0,0,0,0,0,0,0
"2212",1012846,269924,2,1,0,0,0,1,0,0,0,5
"2213",1012377,269947,1,0,1,0,0,0,0,0,0,0
